pais,marca,marca_original,grupo_concesionario,punto,tipo,direccion,telefono,confianza,fecha
Peru,Altos Andes (Jetour/Kyc),Altos Andes (Jetour/KYC),Revoshop,Revoshop Plaza Lima Norte,Ventas,Av. Alfredo Mendiola #1400 - Independencia,(s/tel),Baja (sitio JS; red mapeada vía Jetour),2026-06-20
Peru,Ambacar (Shineray/Swm/Rely),Ambacar (Shineray/SWM/RELY),Ambacar,Ambacar Aventura SJL,Ventas,"Av. Lurigancho N° 997 – SJL, Mall Aventura",924 268 843,Alta (web oficial),2026-06-20
Peru,Ambacar (Shineray/Swm/Rely),Ambacar (Shineray/SWM/RELY),Ambacar,Ambacar Cerro Colorado,Ventas,"Av. Aviación / Villa Hermosa 1025, Cerro Colorado, Arequipa",924 268 848,Alta (web oficial),2026-06-20
Peru,Ambacar (Shineray/Swm/Rely),Ambacar (Shineray/SWM/RELY),Ambacar,Ambacar Comas,Ventas,"Mall Plaza Comas – Motor Plaza, Jr. 1 N° 155, Urb. Alamedas del Retablo, Comas",920 302 296,Alta (web oficial),2026-06-20
Peru,Ambacar (Shineray/Swm/Rely),Ambacar (Shineray/SWM/RELY),Ambacar,Ambacar Mall Aventura Porongoche,Ventas,"Av. Porongoche 500, Paucarpata 04002, Arequipa",054 715085,Alta (web oficial),2026-06-20
Peru,Ambacar (Shineray/Swm/Rely),Ambacar (Shineray/SWM/RELY),Ambacar,Ambacar Mall Plaza Trujillo,Ventas,"Mall Plaza Trujillo, Av. América Oeste S/N",971 774 062,Alta (web oficial),2026-06-20
Peru,Ambacar (Shineray/Swm/Rely),Ambacar (Shineray/SWM/RELY),Ambacar,Ambacar Mall del Sur,Ventas,"Expo Motor CC Mall del Sur – Los Lirios, SJM 15801",(01) 322 1307,Alta (web oficial),2026-06-20
Peru,Ambacar (Shineray/Swm/Rely),Ambacar (Shineray/SWM/RELY),Ambacar,Ambacar Plaza Norte,Ventas,"Expo Motor CC Plaza Lima Norte, cruce Panamericana Norte–Tomás Valle–Túpac Amaru",(01) 717 4568,Alta (web oficial),2026-06-20
Peru,Ambacar (Shineray/Swm/Rely),Ambacar (Shineray/SWM/RELY),Ambacar,Ambacar San Miguel,Ventas,"Av. Elmer Faucett 184, Lima 16340",920 302 296,Alta (web oficial),2026-06-20
Peru,Ambacar (Shineray/Swm/Rely),Ambacar (Shineray/SWM/RELY),Ambacar,Ambacar Santa Anita,Ventas,"Aventura Motors – Mall de Santa Anita, Av. Carretera",924 268 843,Alta (web oficial),2026-06-20
Peru,Ambacar (Shineray/Swm/Rely),Ambacar (Shineray/SWM/RELY),Ambacar,Ambacar Surquillo,Ventas,"Av. República de Panamá 3881, Lima",+51 1 717 0100,Alta (web oficial),2026-06-20
Peru,Ambacar (Shineray/Swm/Rely),Ambacar (Shineray/SWM/RELY),Ambacar,Ambacar Trujillo América,Ventas,"Av. América Norte 2420, Urb. Primavera, Trujillo",+51 971 774 062,Alta (web oficial),2026-06-20
Peru,Ambacar (Shineray/Swm/Rely),Ambacar (Shineray/SWM/RELY),Auto al Día,Auto al Día Chiclayo,Ventas,"Francisco Cuneo 790, Chiclayo",952 596 991 / 978 919 442,Alta (web oficial),2026-06-20
Peru,Ambacar (Shineray/Swm/Rely),Ambacar (Shineray/SWM/RELY),Autobacks,Autobacks Miraflores (Piura),Ventas,"Av. Vice con Av. Sánchez Cerro, diagonal al CC Real Plaza",969 640 114,Alta (web oficial),2026-06-20
Peru,Ambacar (Shineray/Swm/Rely),Ambacar (Shineray/SWM/RELY),Autobacks,Autobacks Motors (Piura),Ventas,"Av. Guillermo Irazola Mz. O Lt. 33-3, Urb. Miraflores 2da Etapa",950 175 192 / 978 831 315,Alta (web oficial),2026-06-20
Peru,Ambacar (Shineray/Swm/Rely),Ambacar (Shineray/SWM/RELY),Automotores Alvarito,Automotores Alvarito (Ica),Ventas,Carretera Panamericana Sur Km 298 – Subtanjalla,967 890 935,Alta (web oficial),2026-06-20
Peru,Ambacar (Shineray/Swm/Rely),Ambacar (Shineray/SWM/RELY),Automotriz Sierra Alta,Automotriz Sierra Alta (Ayacucho),Ventas,"Av. General Arenales 891 Z.I., Andrés A. Cáceres, Huamanga",977 978 995,Alta (web oficial),2026-06-20
Peru,Ambacar (Shineray/Swm/Rely),Ambacar (Shineray/SWM/RELY),CIA Automotriz,CIA Automotriz (Cusco),Ventas,"Av. La Cultura 1700, Wanchaq, cruce Av. Diagonal Angamos",942 572 392,Alta (web oficial),2026-06-20
Peru,Ambacar (Shineray/Swm/Rely),Ambacar (Shineray/SWM/RELY),Ecar,Ecar Motori (Huancayo),Ventas,"Av. Mariscal Castilla 2792, Parque Industrial El Tambo",922 370 271 / 946 400 901,Alta (web oficial),2026-06-20
Peru,Ambacar (Shineray/Swm/Rely),Ambacar (Shineray/SWM/RELY),Ecar,Ecar Motors (Pilcomayo),Ventas,"Av. Coronel Parra 2036, Pilcomayo",,Alta (web oficial),2026-06-20
Peru,Ambacar (Shineray/Swm/Rely),Ambacar (Shineray/SWM/RELY),Ecomotores,Ecomotores (Arequipa),Ventas,"Av. Parra 406, Arequipa",979 780 080,Alta (web oficial),2026-06-20
Peru,Ambacar (Shineray/Swm/Rely),Ambacar (Shineray/SWM/RELY),Kodo Motors,Kodo Motors (Los Olivos),Ventas,"Av. Universitaria 3744, Los Olivos",986 733 000,Alta (web oficial),2026-06-20
Peru,Ambacar (Shineray/Swm/Rely),Ambacar (Shineray/SWM/RELY),MITA,MITA Concesionarios Autorizados (Juliaca),Ventas,Av. Mártires del 4 de noviembre 2100,950 900 332,Alta (web oficial),2026-06-20
Peru,Ambacar (Shineray/Swm/Rely),Ambacar (Shineray/SWM/RELY),Oriente Automotriz,Oriente Automotriz SAC (Tarapoto),Ventas,Jr. Arica 171 – Tarapoto,982 014 790,Alta (web oficial),2026-06-20
Peru,Changan,Changan,Autoland,Autoland - Los Olivos,Ventas,"Av. Alfredo Mendiola 5226, Los Olivos",(01) 500 5444,Alta (web oficial),2026-06-20
Peru,Changan,Changan,Automotores Inka,Dercocenter Automotores Inka - Surco,Ventas,Av. Ayacucho 126,+51 972 051 479,Alta (web oficial),2026-06-20
Peru,Changan,Changan,Derco (Derco Center),Derco Center - Ate Evitamiento,Ventas,Av. Via Evitamiento 1646-1652,(01)713-5000,Alta (web oficial),2026-06-20
Peru,Changan,Changan,Derco (Derco Center),Derco Center Angamos,Ventas,Av. Angamos Este,940481302 / 989231508,Alta (web oficial),2026-06-20
Peru,Changan,Changan,Derco (Derco Center),Derco Center Arequipa Miraflores,Ventas,Av. Pro Hogar Nro. 108,914034748,Alta (web oficial),2026-06-20
Peru,Changan,Changan,Derco (Derco Center),Derco Center Arriola,Ventas,Av. Nicolas Arriola,987108143,Alta (web oficial),2026-06-20
Peru,Changan,Changan,Derco (Derco Center),Derco Center Automotores Yoshival - Huaraz,Ventas,Av. Monterrey S/N (Carretera Huaraz Monterrey),981263268,Alta (web oficial),2026-06-20
Peru,Changan,Changan,Derco (Derco Center),Derco Center C.C. San Pedro - Pichanaqui,Ventas,Jr. San Martin Nro. 228,(064)347666,Alta (web oficial),2026-06-20
Peru,Changan,Changan,Derco (Derco Center),Derco Center Cristo Blanco - Cusco Parque Industrial,Ventas,Parque Industrial MZ. D Nro. 1,(084)235535,Alta (web oficial),2026-06-20
Peru,Changan,Changan,Derco (Derco Center),Derco Center Faucett - San Miguel,Ventas,Av. Elmer Faucett 250,949259207 / 7135000,Alta (web oficial),2026-06-20
Peru,Changan,Changan,Derco (Derco Center),Derco Center Intisuyo San Miguel,Ventas,Jr. Intisuyo,(01)713-5000 / 989076503,Alta (web oficial),2026-06-20
Peru,Changan,Changan,Derco (Derco Center),Derco Center Motormass - Madre de Dios,Ventas,Jr. Gonzales Prada,919623600,Alta (web oficial),2026-06-20
Peru,Changan,Changan,Derco (Derco Center),Derco Center Taller – Ate,Servicio/Taller,Av. Los Castillos 538,017135050 / +51 991 223 878,Alta (web oficial),2026-06-20
Peru,Changan,Changan,Derco (Derco Center),Derco Center Tomas Valle,Ventas,Av. Tomas Valle Nro. 3233,989231377,Alta (web oficial),2026-06-20
Peru,Changan,Changan,Derco (Derco Center),Dercocenter Motormass - Juliaca Choquehuanca,Ventas,Jr. Jose D. Choquehuanca MZ A Lt 02,051302348,Alta (web oficial),2026-06-20
Peru,Changan,Changan,Derco (Derco Center),Dercocenter Motormass - Juliaca Postventa,Ventas,Jr. Girasoles 515,983022957,Alta (web oficial),2026-06-20
Peru,Changan,Changan,Derco (Derco Center),Dercocenter Satelital Bellavista,Ventas,"Av. Óscar R. Benavides 3866, Bellavista 07011",933 629 986,Alta (web oficial),2026-06-20
Peru,Changan,Changan,Derco Center - Surco,Derco Center - Surco El Derby,Ventas,Jr. Cristobal de Peralta Norte,(01)713-5000,Alta (web oficial),2026-06-20
Peru,Changan,Changan,Derco Center Ate,Derco Center Ate Taller Planchado y Pintura,Servicio/Taller,"Av. Los Castillos N° 560, Ate",017135050,Alta (web oficial),2026-06-20
Peru,Changan,Changan,Derco Center Automotores Inka,Derco Center Automotores Inka Meiggs- Chimbote,Ventas,Av. Enrique Meiggs 1144,943882810,Alta (web oficial),2026-06-20
Peru,Changan,Changan,Derco Center Automotores Pakatnamú,Derco Center Automotores Pakatnamú - Cajamarca,Ventas,Av. Via de Evitamiento Norte Cdra. 3,950119124 / 950118892,Alta (web oficial),2026-06-20
Peru,Changan,Changan,Derco Center Automotores Pakatnamú,Derco Center Automotores Pakatnamú - Jaén,Ventas,Av. Pacamuros Nro. 2485,982940635,Alta (web oficial),2026-06-20
Peru,Changan,Changan,Derco Center Automotores Pakatnamú,Derco Center Automotores Pakatnamú - Piura,Ventas,AV. Sanchez Cerro Mz 248 lote 2 Zona industrial,950124451 / 950114966,Alta (web oficial),2026-06-20
Peru,Changan,Changan,Derco Center B Motors,Derco Center B Motors - Huamachuco,Ventas,"Jr. Bolognesi N° 1300, Las Terrazas Mall, Zona H Nro. 1300",940176984,Alta (web oficial),2026-06-20
Peru,Changan,Changan,Derco Center B Motors,Derco Center B Motors - Trujillo Costa Rica,Ventas,Av. Costa Rica Mz M1 Lt 15-A,(044)612975 / 969384875,Alta (web oficial),2026-06-20
Peru,Changan,Changan,Derco Center B Motors,Derco Center B Motors - Trujillo Mall Aventura Plaza,Ventas,"Av. America Oeste s/n, Motor Plaza - Mall Plaza, Trujillo",949375025,Alta (web oficial),2026-06-20
Peru,Changan,Changan,Derco Center E Rimassa,Derco Center E Rimassa- Tacna,Ventas,Av. Leguía,952985066 / 972237971,Alta (web oficial),2026-06-20
Peru,Changan,Changan,Derco Center Gacsa,Derco Center Gacsa - Vía Expresa con Javier Prado,Ventas,Av. Paseo de la República,(01)333-0000,Alta (web oficial),2026-06-20
Peru,Changan,Changan,Derco Center Gran Prix,Derco Center Gran Prix - Pucallpa,Ventas,JR. LETICIA,961900953 / 961970394,Alta (web oficial),2026-06-20
Peru,Changan,Changan,Derco Center Iquitos,Derco Center Iquitos,Ventas,Av. Iquitos,989232561 / 949259245,Alta (web oficial),2026-06-20
Peru,Changan,Changan,Derco Center KLM,Derco Center KLM - Huancayo San Agustin,Ventas,Carretera Central - San Agustín de las Cajas Nro. 2336,995959622,Alta (web oficial),2026-06-20
Peru,Changan,Changan,Derco Center KLM,Derco Center KLM - Huánuco,Ventas,Jirón Seichi Izumi Nro. 679,995959622 / 960330962,Alta (web oficial),2026-06-20
Peru,Changan,Changan,Derco Center Motor Mass,Derco Center Motor Mass - Cusco La Cultura,Ventas,Av. La Cultura Nro. 2222,919623600,Alta (web oficial),2026-06-20
Peru,Changan,Changan,Derco Center Motorshow,Derco Center Motorshow - Tarapoto,Ventas,Jr. Jimenez Pimentel,940091507 / 985012696,Alta (web oficial),2026-06-20
Peru,Changan,Changan,Derco Center Pacifico Motors,Derco Center Pacifico Motors- Ica,Ventas,Carretera Panamericana Sur Km 299.7,994040953,Alta (web oficial),2026-06-20
Peru,Changan,Changan,Derco Center Pakatnamú,Derco Center Pakatnamú - Chiclayo Panam. Norte,Ventas,Carretera Panamericana Norte Nro. 1006,949056437 / 942674945,Alta (web oficial),2026-06-20
Peru,Changan,Changan,Derco Center Pakatnamú,Derco Center Pakatnamú Pimentel - Chiclayo,Ventas,Carretera Pimentel KM. 4.5,972512261,Alta (web oficial),2026-06-20
Peru,Changan,Changan,Derco Center Planeta Motors,Derco Center Planeta Motors - San Juan de Lurigancho,Ventas,"Avenida Lurigancho cuadra 9, Mall aventura SJL",992756886 / 017020505,Alta (web oficial),2026-06-20
Peru,Changan,Changan,Derco Center Planeta Motors,Derco Center Planeta Motors - Surquillo,Ventas,"Avenida República de Panamá 3910, Surquillo",992 756 886 / (01) 7020505,Alta (web oficial),2026-06-20
Peru,Changan,Changan,Derco Center Planeta Motors,Derco Center Planeta Motors - Surquillo (Servicios),Servicio/Taller,Avenida Aramburú,992756886 / 017020505,Alta (web oficial),2026-06-20
Peru,Changan,Changan,Derco Center Roberts,Derco Center Roberts - Arequipa Aviación,Ventas,Avenida aviación km 6 cerro colorado,914034748,Alta (web oficial),2026-06-20
Peru,Changan,Changan,Derco Center Roberts,Derco Center Roberts - Lopez de Romaña,Ventas,Calle Eduardo Lopez de Romaña Nro. 201,(54)606600,Alta (web oficial),2026-06-20
Peru,Changan,Changan,Derco Center Roberts,Derco Center Roberts - Mall Arequipa Center,Ventas,Av. Aviación Nro. 202,(54)606600,Alta (web oficial),2026-06-20
Peru,Changan,Changan,Derco Center Roberts,Derco Center Roberts - Mall Aventura Arequipa Paucarpata,Ventas,Av. Porongoche Nro. 500,(54)606600,Alta (web oficial),2026-06-20
Peru,Changan,Changan,Derco Center Satelital,Derco Center Satelital Chorrillos,Ventas,"Av. Defensores del Morro 28, Lima 15064",933632062 / 908843916,Alta (web oficial),2026-06-20
Peru,Changan,Changan,DercoCenter Pacífico,Dercocenter Pacífico Motors - Chincha,Ventas,"Car. Ex Panamericana Sur Km 199, Chincha Alta",924290046,Alta (web oficial),2026-06-20
Peru,Changan,Changan,Dercocenter Autoland,Dercocenter Autoland - Plaza Norte,Ventas,"CC. Plaza Norte: Panamericana con Av. Tomas Valle, Independencia",(01) 500 5444,Alta (web oficial),2026-06-20
Peru,Changan,Changan,Dercocenter Wigo,Dercocenter Wigo - Camacho,Ventas,"Av. Javier Prado Este 5380, La Molina 15023",013160000,Alta (web oficial),2026-06-20
Peru,Changan,Changan,Revoshop,Revoshop,Ventas,Expomotor Mall del Sur Av. Los Lirios 300,(01) 982 539 999,Alta (web oficial),2026-06-20
Peru,Changan,Changan,Revoshop,Revoshop Postventa - Barranco,Ventas,"Jr El Progreso 457, Barranco",982447866,Alta (web oficial),2026-06-20
Peru,Chery,Chery,Alese,Alese - Callao,Ventas,"Mall Minka, Av Argentina 3093, Callao",,"Alta (web oficial, sin telefono mapeado)",2026-06-20
Peru,Chery,Chery,Alese,Alese - La Molina,Ventas,"Av. Javier Prado Este 5430, La Molina",,"Alta (web oficial, sin telefono mapeado)",2026-06-20
Peru,Chery,Chery,Alese,Alese - Los Olivos,Ventas,"Av. El Naranjal 218, Los Olivos",,"Alta (web oficial, sin telefono mapeado)",2026-06-20
Peru,Chery,Chery,Astara,Astara Retail - San Juan de Lurigancho,Ventas,"Mall Aventura SJL (sótano 2), Lima",,"Alta (web oficial, sin telefono mapeado)",2026-06-20
Peru,Chery,Chery,Astara,Astara Retail - San Miguel,Ventas,"Av. Elmer Faucett 149, San Miguel, Lima",,"Alta (web oficial, sin telefono mapeado)",2026-06-20
Peru,Chery,Chery,Autoland,Autoland - Plaza Norte,Ventas,"Plaza Norte, Av. Tomas Valle, Independencia, Lima",,"Alta (web oficial, sin telefono mapeado)",2026-06-20
Peru,Chery,Chery,Autosummit,Autosummit - San Isidro,Ventas,"Av. República de Panamá 3054, San Isidro, Lima",,"Alta (web oficial, sin telefono mapeado)",2026-06-20
Peru,Chery,Chery,Incamotors,Incamotors - Arequipa,Ventas,"Av. Parra 122, Arequipa",,"Alta (web oficial, sin telefono mapeado)",2026-06-20
Peru,Chery,Chery,Incamotors,Incamotors - Cusco,Ventas,"Prolongación Av. De la Cultura 3030, San Sebastián, Cusco",,"Alta (web oficial, sin telefono mapeado)",2026-06-20
Peru,Chery,Chery,Incamotors,Incamotors - Ica,Ventas,"Carretera Panamericana Sur Km. 296, Subtanjalla, Ica",,"Alta (web oficial, sin telefono mapeado)",2026-06-20
Peru,Chery,Chery,Incamotors,Incamotors - Juliaca,Ventas,"Parque Industrial Urb. Taparachi Km. 2.5 Salida a Puno, Juliaca",,"Alta (web oficial, sin telefono mapeado)",2026-06-20
Peru,Chery,Chery,Interamericana,Interamericana Norte - Cajamarca,Ventas,Av. Hoyos Rubio 1092,,"Alta (web oficial, sin telefono mapeado)",2026-06-20
Peru,Chery,Chery,Interamericana,Interamericana Norte - Chiclayo,Ventas,"Avenida Grau 275, Chiclayo",,"Alta (web oficial, sin telefono mapeado)",2026-06-20
Peru,Chery,Chery,Interamericana,Interamericana Norte - Piura,Ventas,"Av. Vice Mz 229, Piura (frente a Real Plaza)",,"Alta (web oficial, sin telefono mapeado)",2026-06-20
Peru,Chery,Chery,Interamericana,Interamericana Norte - Sullana,Ventas,"Av. Panamericana 452, Urb. Santa Rosa, Sullana",,"Alta (web oficial, sin telefono mapeado)",2026-06-20
Peru,Chery,Chery,Interamericana,Interamericana Norte - Talara,Ventas,"Av. Bolognesi S/N, Talara Baja, Piura",,"Alta (web oficial, sin telefono mapeado)",2026-06-20
Peru,Chery,Chery,Interamericana,Interamericana Norte - Tarapoto,Ventas,"Av. Aviación 275, Barrio Huayco, Tarapoto",,"Alta (web oficial, sin telefono mapeado)",2026-06-20
Peru,Chery,Chery,Interamericana,Interamericana Norte - Tumbes,Ventas,"Av. Tumbes Norte 500, Tumbes",,"Alta (web oficial, sin telefono mapeado)",2026-06-20
Peru,Chery,Chery,Intermotors,Intermotors - Chimbote,Ventas,"Av. Pacifico Mz I Lote 9A, Nuevo Chimbote, Ancash",,"Alta (web oficial, sin telefono mapeado)",2026-06-20
Peru,Chery,Chery,Intermotors,Intermotors - Motorplaza,Ventas,"Av. America Oeste 750, Urb. El Ingenio / Motor Plaza, Trujillo",,"Alta (web oficial, sin telefono mapeado)",2026-06-20
Peru,Chery,Chery,Intermotors,Intermotors - Trujillo,Ventas,"Av. Husares de Junin 720, Urb. La Merced, Trujillo",,"Alta (web oficial, sin telefono mapeado)",2026-06-20
Peru,Chery,Chery,Multimarkas,Multimarkas - Huancayo,Ventas,"Av. José Carlos Mariátegui Nº 674, El Tambo, Huancayo",,"Alta (web oficial, sin telefono mapeado)",2026-06-20
Peru,Chery,Chery,Wigo,WIGO - Mall del Sur,Ventas,"Expomotor Mall del Sur, Av. Los Lirios 310, San Juan de Miraflores, Lima",,"Alta (web oficial, sin telefono mapeado)",2026-06-20
Peru,Dfsk,DFSK,Alfonso Ugarte,DFSK Alfonso Ugarte - Arequipa,Ventas,Av. Alfonso Ugarte S/N cuadra 5 (frente a Gloria),(01) 615-2000,Alta (web oficial),2026-06-20
Peru,Dfsk,DFSK,Autoland,DFSK Autoland Naranjal 2 - Los Olivos,Ventas,"Av. Alfredo Mendiola 5226, Los Olivos",(01) 500 5444,Alta (web oficial),2026-06-20
Peru,Dfsk,DFSK,Automotores Inka,DFSK Automotores Inka - Chimbote,Ventas,Av. Enrique Meiggs 1144,972 051 479 / 994 152 130,Alta (web oficial),2026-06-20
Peru,Dfsk,DFSK,Automotores Inka,DFSK Automotores Inka - Surco,Ventas,"Av. Ayacucho 126, Surco",972 051 479,Alta (web oficial),2026-06-20
Peru,Dfsk,DFSK,Automotores Inka,DFSK Automotores Inka - Trujillo,Ventas,Av. Panamericana Nte. 1320 - Trujillo,972 051 479,Alta (web oficial),2026-06-20
Peru,Dfsk,DFSK,Automotores Pakatnamú,DFSK Automotores Pakatnamú - Chiclayo,Ventas,Av. Miguel Grau 498 (esq. Bolognesi),+51 932 914 557,Alta (web oficial),2026-06-20
Peru,Dfsk,DFSK,Autored,DFSK Autored - Huancayo,Ventas,"Av. Mariscal Castilla 1562 - Huancayo, Junín",925 315 141,Alta (web oficial),2026-06-20
Peru,Dfsk,DFSK,B Motors,DFSK B Motors - Mallplaza Trujillo,Ventas,Av. América Oeste S/N - Trujillo,995 703 009,Alta (web oficial),2026-06-20
Peru,Dfsk,DFSK,B Motors,TALLER B Motors Costa Rica - Trujillo,Servicio/Taller,Subsector 6A MZ-1 Lote 15C IV Etapa - Urb. Monserrate,969 384 875,Alta (web oficial),2026-06-20
Peru,Dfsk,DFSK,B Motors,TALLER B Motors La Encalada - Trujillo,Servicio/Taller,Carretera Industrial Km 559 - Sector La Encalada,969 384 875 / 949 356 655,Alta (web oficial),2026-06-20
Peru,Dfsk,DFSK,Bluemec,DFSK Bluemec Automotriz (taller),Servicio/Taller,Av. Oscar R. Benavides 2320 - Lima,950 100 255 / 953 583 365,Alta (web oficial),2026-06-20
Peru,Dfsk,DFSK,Corsa,DFSK Corsa - Juliaca,Ventas,Av. Manuel Nuñez Butron 2434 - Juliaca,944 940 458,Alta (web oficial),2026-06-20
Peru,Dfsk,DFSK,Derco (Derco Center),Derco Center Taller Planchado y Pintura – Ate,Servicio/Taller,Av. Los Castillos N° 560,01-713-5050,Alta (web oficial),2026-06-20
Peru,Dfsk,DFSK,Derco (Derco Center),Derco Center Taller – Ate,Servicio/Taller,Av. Los Castillos 538,01-713-5050,Alta (web oficial),2026-06-20
Peru,Dfsk,DFSK,GM Conversiones,DFSK GM Conversiones - Colonial,Ventas,"Av. Oscar R. Benavides N° 1703, Cercado de Lima",915 120 296,Alta (web oficial),2026-06-20
Peru,Dfsk,DFSK,Gnecco y Cia,DFSK Gnecco y Cia - Tacna,Ventas,Av. 2 de mayo 609 - Tacna,052-426194 Anexo 110/108,Alta (web oficial),2026-06-20
Peru,Dfsk,DFSK,Gran Prix,DFSK Gran Prix - Pucallpa,Ventas,Jr. Augusto B. Leguia / Jr. Leticia - Pucallpa,961 256 472,Alta (web oficial),2026-06-20
Peru,Dfsk,DFSK,Interamericana,DFSK Interamericana - Piura,Ventas,Av. Vice Mz. 228 Lt.04 Zona Industrial – Piura,942 418 862,Alta (web oficial),2026-06-20
Peru,Dfsk,DFSK,Interamericana,TALLER Interamericana - Piura,Servicio/Taller,Av. Sánchez Cerro 240 lote 02,944 232 262,Alta (web oficial),2026-06-20
Peru,Dfsk,DFSK,La Marina,DFSK La Marina - San Miguel,Ventas,Av. La Marina 2338 (Frente al Open Plaza),(01) 615-2000,Alta (web oficial),2026-06-20
Peru,Dfsk,DFSK,Mall del Sur,DFSK Mall del Sur - San Juan de Miraflores,Ventas,Av. Los Lirios con Pedro Miota - SJM - Mall del Sur,(01) 615-2000,Alta (web oficial),2026-06-20
Peru,Dfsk,DFSK,Maquinarias,DFSK Maquinarias República de Panamá - Surquillo,Ventas,"Av. República de Panamá 4577, Surquillo",(01) 614-5555,Alta (web oficial),2026-06-20
Peru,Dfsk,DFSK,Motormass,DFSK Motormass - Cusco,Ventas,Av. Diagonal Angamos 1900 - Cusco,935 496 973,Alta (web oficial),2026-06-20
Peru,Dfsk,DFSK,Motormass,DFSK Motormass - Madre de Dios,Ventas,"Jr. Gonzales Prada 569, Puerto Maldonado, Tambopata",921 121 506,Alta (web oficial),2026-06-20
Peru,Dfsk,DFSK,Motorshow,DFSK Motorshow - Tarapoto,Ventas,Jr. Jimenez Pimentel 1245 - San Martin,954 064 299,Alta (web oficial),2026-06-20
Peru,Dfsk,DFSK,Pacífico Motors,DFSK Pacífico Motors - Ica,Ventas,"Panamericana Sur km. 299.7, Subtanjalla - Ica",965 912 244,Alta (web oficial),2026-06-20
Peru,Dfsk,DFSK,Pakatnamú,DFSK Pakatnamú - Cajamarca,Ventas,"Vía Evitamiento Norte cdra 3, Urb. El Bosque",950 117 412,Alta (web oficial),2026-06-20
Peru,Dfsk,DFSK,Planeta,DFSK Planeta - San Juan de Lurigancho,Ventas,"Av. Lurigancho cdra. 9, SJL",905 478 688,Alta (web oficial),2026-06-20
Peru,Dfsk,DFSK,Plaza Norte,DFSK Plaza Norte - Independencia,Ventas,Cruce de Panamericana Norte con Av. Tomás Valle y Túpac Amaru - CC Plaza Norte,(01) 615-2000,Alta (web oficial),2026-06-20
Peru,Dfsk,DFSK,Roberts,DFSK Roberts - Mall Aventura Arequipa,Ventas,"Av. Porongoche 500, Paucarpata, Arequipa",981 291 859,Alta (web oficial),2026-06-20
Peru,Dfsk,DFSK,Roberts,DFSK Roberts Aviacion - Cerro Colorado,Ventas,Avenida Aviación KM 6 - Cerro Colorado - Arequipa,(054) 606600 Anexo 150 / 914624515,Alta (web oficial),2026-06-20
Peru,Dfsk,DFSK,Satelital,DFSK Autotaxi Satelital - Chorrillos,Ventas,Defensores de Morro 28 - Chorrillos,970 573 820,Alta (web oficial),2026-06-20
Peru,Dfsk,DFSK,Satelital,DFSK Autotaxi Satelital - Faucett,Ventas,"Av. Elmer Faucett 2880, Callao",936 875 788,Alta (web oficial),2026-06-20
Peru,Dfsk,DFSK,Satelital,DFSK Autotaxi Satelital - Mall Bellavista,Ventas,"Av. Óscar R. Benavides 3866, Callao",936 875 788,Alta (web oficial),2026-06-20
Peru,Dfsk,DFSK,Satelital,DFSK Autotaxi Satelital - Mall Comas,Ventas,"Av. Los Ángeles 602 Urb, Comas",982 507 704,Alta (web oficial),2026-06-20
Peru,Dfsk,DFSK,Wigo,DFSK Wigo - Camacho,Ventas,"Av. Javier Prado Este 5380, La Molina",(01) 316-0000 / 993 160 000,Alta (web oficial),2026-06-20
Peru,Dfsk,DFSK,Wigo,DFSK Wigo - La Victoria,Ventas,Av. Paseo de la República 2323 - La Victoria,993 160 000 / (01) 316-0000,Alta (web oficial),2026-06-20
Peru,Foton,Foton,Maquinarias,Foton (red Maquinarias),Ventas,Av. República de Panamá 3837.,(511) 225-4242 / +51 990 281 671,"Media (web oficial, sin nombre de sede)",2026-06-20
Peru,Geely,Geely,Automaquinarias del Amazonas,AUTOMAQUINARIAS DEL AMAZONAS EIRL - Iquitos,Ventas,"Av. José Abelardo Quiñones KM 2.5, Maynas-SJB",(065) 268443 / 964769231,Alta (web oficial),2026-06-20
Peru,Geely,Geely,Automecánica San Miguel,AUTOMECÁNICA SAN MIGUEL - Chimbote,Ventas,"Av. Enrique Meiggs #1141, Chimbote",933-084-115,Alta (web oficial),2026-06-20
Peru,Geely,Geely,Automecánica San Miguel,AUTOMECÁNICA SAN MIGUEL - Huaraz,Ventas,Av. Centenario 4105 (+51) 933 065 663,(+51) 970 898 716,Alta (web oficial),2026-06-20
Peru,Geely,Geely,Automotores Inka,AUTOMOTORES INKA - Chiclayo,Ventas,"Av. Mariscal Nieto N°480, CC Boulevard (frente Hospital Almanzor Aguinaga)",(074) 606-403 / 987103383,Alta (web oficial),2026-06-20
Peru,Geely,Geely,Automotores Inka,AUTOMOTORES INKA - Trujillo,Ventas,Av. Nicolas de Pierola 1836,(+51) 943-882-810,Alta (web oficial),2026-06-20
Peru,Geely,Geely,Automotores Inka,GEELY MALL AVENTURA PLAZA - AUTOMOTORES INKA,Ventas,Av. Mansiche s/n Carretera a Huanchaco,(+51) 976-393-362,Alta (web oficial),2026-06-20
Peru,Geely,Geely,Automotores de la Amazonía,AUTOMOTORES DE LA AMAZONIA - Huánuco,Ventas,"Jr. Hermilio Valdizán Nº 745, Huánuco",940687589 / (061) 442823,Alta (web oficial),2026-06-20
Peru,Geely,Geely,Automotores de la Amazonía,AUTOMOTORES DE LA AMAZONIA - Pucallpa,Ventas,"Av. Centenario Nº 611, Cercado de Pucallpa",940686800 / (061) 443-129,Alta (web oficial),2026-06-20
Peru,Geely,Geely,GM Conversiones,Dallas Autogas - GM Conversiones,Ventas,Calle Las Gaviotas 124 - Chorrillos (+51) 926 933 328,(+51) 960 369 847,Alta (web oficial),2026-06-20
Peru,Geely,Geely,GM Conversiones,GEELY DISTRITO DE LIMA - GM CONVERSIONES,Ventas,Av. Argentina 1051 - Cercado de Lima,998-228-111,Alta (web oficial),2026-06-20
Peru,Geely,Geely,GM Conversiones,Lima - GM Conversiones,Ventas,"Av Argentina 1051, Cercado de Lima",,Alta (web oficial),2026-06-20
Peru,Geely,Geely,Geely Surco,Geely Surco,Ventas,"Av. Alfredo Benavides 4971, Surco",+51 993 160 000,Alta (web oficial),2026-06-20
Peru,Geely,Geely,Gildemeister/Motormundo,GEELY PLAZA NORTE - GILDEMEISTER RETAIL,Ventas,Centro Comercial Plaza Norte,(01) 613-7777,Alta (web oficial),2026-06-20
Peru,Geely,Geely,Gildemeister/Motormundo,GEELY SAN MIGUEL - GILDEMEISTER RETAIL,Ventas,Av. La Marina 3188 – San Miguel,(01) 613-7777,Alta (web oficial),2026-06-20
Peru,Geely,Geely,Gildemeister/Motormundo,MOTORMUNDO RETAIL,Ventas,Calle La Colonia 123 - Santiago de Surco,(01) 613-7777,Alta (web oficial),2026-06-20
Peru,Geely,Geely,Incamotors,AUTOMOTRIZ INCAMOTORS S.A.C - Arequipa,Ventas,Av. Parra 122 – Cercado (frente a UTP),054 222200,Alta (web oficial),2026-06-20
Peru,Geely,Geely,Incamotors,AUTOMOTRIZ INCAMOTORS S.A.C - Cusco,Ventas,"Av. De la Cultura 2405, Cusco",955-552-832 / 981-506-005,Alta (web oficial),2026-06-20
Peru,Geely,Geely,Incamotors,AUTOMOTRIZ INCAMOTORS S.A.C - Ica,Ventas,"Panamericana Sur Km. 296, Subtanjalla",054-222200,Alta (web oficial),2026-06-20
Peru,Geely,Geely,Incamotors,AUTOMOTRIZ INCAMOTORS S.A.C - Juliaca,Ventas,"Vía Auxiliar, Parque Industrial Taparachi, Juliaca (costado de Backus/Toyota)",926687473,Alta (web oficial),2026-06-20
Peru,Geely,Geely,Incamotors,AUTOMOTRIZ INCAMOTORS S.A.C - Puno,Ventas,"Panamericana Sur 460 - Barrio Chejoña, Puno",955-552-832 / 981-506-005,Alta (web oficial),2026-06-20
Peru,Geely,Geely,Mundomotriz,MUNDOMOTRIZ - Cajamarca,Ventas,"Av. Vía de Evitamiento Norte N° 272, Urb. El Bosque - Cajamarca",(076) 366-363 / 997901011,Alta (web oficial),2026-06-20
Peru,Geely,Geely,Perumotor,PERUMOTOR - Tacna,Ventas,Panamericana Sur Km 5 (ref. frente al aeropuerto),(+51) 924074545 / 955282621,Alta (web oficial),2026-06-20
Peru,Geely,Geely,SAIK –,SAIK – Huancayo (concesionaria),Ventas,"Av. Mariscal Castilla 2699, Huancayo (Parque Industrial, costado Grifo Primax)",,Alta (web oficial),2026-06-20
Peru,Geely,Geely,SAIK –,SAIK – Huancayo (taller),Servicio/Taller,"Av. Mariscal Castilla 3824, Huancayo (frente Puerta 1 UNCP)",,Alta (web oficial),2026-06-20
Peru,Geely,Geely,San Antonio Motors,SAN ANTONIO MOTORS / TRADE - Piura,Ventas,Av. Vice Mz. 230 Lote 01A - Zona Industrial,(073) 602-300 / 945618260,Alta (web oficial),2026-06-20
Peru,Geely,Geely,Satelital,Comas – Satelital Automotriz,Ventas,"Av. Túpac Amaru 1309, Comas (altura del paradero Puno)",+51 981 378 550,Alta (web oficial),2026-06-20
Peru,Geely,Geely,Satelital,Mall Aventura Bellavista - Satelital Automotriz,Ventas,"Av. Oscar R. Benavides 3866, Bellavista",+51 981 378 550,Alta (web oficial),2026-06-20
Peru,Geely,Geely,Wigo,GEELY LA MOLINA - WIGO MOTORS,Ventas,Av. Javier Prado Este 5536 - La Molina (01)3160000 / Whatsapp:,993 160 000,Alta (web oficial),2026-06-20
Peru,Geely,Geely,Wigo,GEELY LA VICTORIA - WIGO MOTORS,Ventas,"Av. Paseo de la Republica 2289, La Victoria Tlf: (01)3160000 / Whatsapp:",993 160 000,Alta (web oficial),2026-06-20
Peru,Geely,Geely,Wigo,GEELY MALL DEL SUR - WIGO MOTORS,Ventas,"Av. Los Lirios 310, San Juan de Miraflores, Lima",(01) 316-0000,Alta (web oficial),2026-06-20
Peru,Geely,Geely,Wigo,GEELY SANTA ANITA - WIGO MOTORS,Ventas,Av. Carretera Central N°111 - Santa Anita,,Alta (web oficial),2026-06-20
Peru,Geely,Geely,Wigo,GEELY SURQUILLO - WIGO MOTORS,Ventas,Av. República de Panamá #4380 - Surquillo,(01)3160000 / 993 160 000,Alta (web oficial),2026-06-20
Peru,Great Wall,Great Wall,Automotores Inka,Dercocenter Automotores Inka - Chimbote,Ventas,Av. Enrique Meiggs 1144,972051479 / 994152130,Alta (web oficial),2026-06-20
Peru,Great Wall,Great Wall,Derco (Derco Center),Derco Center - Ate Evitamiento,Ventas,Av. Via Evitamiento 1646-1652,(01) 713-5000,Alta (web oficial),2026-06-20
Peru,Great Wall,Great Wall,Derco (Derco Center),Derco Center Autoland - Los Olivos,Ventas,Av. Alfredo Mendiola 5226,500 5444,Alta (web oficial),2026-06-20
Peru,Great Wall,Great Wall,Derco (Derco Center),Derco Center Autoland - Plaza Norte,Ventas,"Cruce Panamericana con Av. Tomas Valle, Independencia",500 5444,Alta (web oficial),2026-06-20
Peru,Great Wall,Great Wall,Derco (Derco Center),Derco Center Autoland Surco,Ventas,"Av. Benavides 3900, Santiago de Surco",(01) 500 5444,Alta (web oficial),2026-06-20
Peru,Great Wall,Great Wall,Derco (Derco Center),Derco Center Automotores Yoshival - Huaraz,Ventas,"Av. Centenario 5888, Barrio de Monterrey",981263268 / 957396673,Alta (web oficial),2026-06-20
Peru,Great Wall,Great Wall,Derco (Derco Center),Derco Center C.C. San Pedro - Pichanaqui,Ventas,Jr. San Martin Nro. 228,(064) 347666,Alta (web oficial),2026-06-20
Peru,Great Wall,Great Wall,Derco (Derco Center),Derco Center Cristo Blanco - Cusco Parque Industrial,Ventas,Parque Industrial MZ. D Nro. 1,(084) 235535,Alta (web oficial),2026-06-20
Peru,Great Wall,Great Wall,Derco (Derco Center),Derco Center Faucett - GWM,Ventas,Av. Elmer Faucett 250,940089333,Alta (web oficial),2026-06-20
Peru,Great Wall,Great Wall,Derco (Derco Center),Derco Center Motormass - Madre de Dios,Ventas,Jr. Gonzales Prada N° 569,051-323008 / 944 940 458,Alta (web oficial),2026-06-20
Peru,Great Wall,Great Wall,Derco (Derco Center),Derco Center Motors La Encalada - Trujillo,Ventas,Carretera Industrial Km 559 - Sector La Encalada,969 384 875 / 949 356 655,Alta (web oficial),2026-06-20
Peru,Great Wall,Great Wall,Derco (Derco Center),Derco Center Revoshop - Mall del Sur Expomotor,Ventas,Av. Los Lirios 300,982539999,Alta (web oficial),2026-06-20
Peru,Great Wall,Great Wall,Derco (Derco Center),Derco Center Taller – Ate,Servicio/Taller,"Av. Los Castillos 538, Lima 15023",713 5050 / 991 223 878,Alta (web oficial),2026-06-20
Peru,Great Wall,Great Wall,Derco (Derco Center),Derco Center Wigo La Victoria - Vía Expresa con Javier Prado,Ventas,Av. Paseo de la República Nro. 2323,(54) 606600,Alta (web oficial),2026-06-20
Peru,Great Wall,Great Wall,Derco (Derco Center),Dercocenter Satelital Chorrillos,Ventas,"Av. Defensores del Morro 28, Lima 15064",933629986 / 933613107,Alta (web oficial),2026-06-20
Peru,Great Wall,Great Wall,Derco Center - Surco,Derco Center - Surco El Derby,Ventas,Jr. Cristobal de Peralta Norte Nro. 1000,(01) 713-5000,Alta (web oficial),2026-06-20
Peru,Great Wall,Great Wall,Derco Center Ate,Derco Center Ate Taller Planchado y Pintura,Servicio/Taller,Av. Los Castillos N° 560,713 5050 / 991 223 878,Alta (web oficial),2026-06-20
Peru,Great Wall,Great Wall,Derco Center Automotores Inka,Derco Center Automotores Inka - Trujillo,Ventas,Avenida Panamericana Nte. Nro. 1320 (frente a Tecsup),972051479,Alta (web oficial),2026-06-20
Peru,Great Wall,Great Wall,Derco Center Automotores Pakatnamú,Derco Center Automotores Pakatnamú - Cajamarca,Ventas,Av. Via de Evitamiento Norte Cdra. 3,950119124 / 950118892,Alta (web oficial),2026-06-20
Peru,Great Wall,Great Wall,Derco Center Automotores Pakatnamú,Derco Center Automotores Pakatnamú - Jaén,Ventas,Av. Pacamuros Nro. 2485,982940635 / 982923858,Alta (web oficial),2026-06-20
Peru,Great Wall,Great Wall,Derco Center Automotores Pakatnamú,Derco Center Automotores Pakatnamú - Piura,Ventas,AV. Sanchez Cerro Mz 248 lote 2 Zona industrial,950124451 / 950114966,Alta (web oficial),2026-06-20
Peru,Great Wall,Great Wall,Derco Center Autored,Derco Center Autored - Huancayo,Ventas,"Jr. Manuel Alonso 168, El Tambo Huancayo",972 051 479,Alta (web oficial),2026-06-20
Peru,Great Wall,Great Wall,Derco Center B Motors,Derco Center B Motors - Huamachuco,Ventas,"Jr. Bolognesi N° 1300, Las Terrazas Mall, Zona H",940176984,Alta (web oficial),2026-06-20
Peru,Great Wall,Great Wall,Derco Center B Motors,Derco Center B Motors - Trujillo Costa Rica,Ventas,Av. Costa Rica Mz M1 Lt 15-A,949 375 025 / 969 384 875,Alta (web oficial),2026-06-20
Peru,Great Wall,Great Wall,Derco Center B Motors,Derco Center B Motors - Trujillo Mall Aventura Plaza,Ventas,"Av. America Oeste s/n, Motor Plaza - Mall Plaza, Trujillo",949 375 025,Alta (web oficial),2026-06-20
Peru,Great Wall,Great Wall,Derco Center Corsa,Derco Center Corsa 2 - Juliaca,Ventas,Av. Martires del 4 de Noviembre S/N Mz A Lote 1-28,051-323008 / 944 940 458,Alta (web oficial),2026-06-20
Peru,Great Wall,Great Wall,Derco Center E Rimassa,Derco Center E Rimassa- Tacna,Ventas,Av. Leguía Nro. 510,(084) 235535,Alta (web oficial),2026-06-20
Peru,Great Wall,Great Wall,Derco Center Gran Prix,Derco Center Gran Prix - Pucallpa,Ventas,Jr. Leticia Nro. 509,952715477,Alta (web oficial),2026-06-20
Peru,Great Wall,Great Wall,Derco Center KLM,Derco Center KLM - Huánuco,Ventas,Jirón Seichi Izumi Nro. 679,950119124,Alta (web oficial),2026-06-20
Peru,Great Wall,Great Wall,Derco Center Motor Mass,Derco Center Motor Mass - Cusco La Cultura,Ventas,Av. La Cultura Nro. 2222,983022957,Alta (web oficial),2026-06-20
Peru,Great Wall,Great Wall,Derco Center Motorshow,Derco Center Motorshow - Tarapoto,Ventas,Jr. Jimenez Pimentel Nro. 1235,940091507 / 922049178,Alta (web oficial),2026-06-20
Peru,Great Wall,Great Wall,Derco Center Pacifico Motors,Derco Center Pacifico Motors- Ica,Ventas,Carretera Panamericana Sur Km 299.7,994040953,Alta (web oficial),2026-06-20
Peru,Great Wall,Great Wall,Derco Center Pacifico Motors,Derco center Pacifico Motors - Chincha,Ventas,"Car. Ex Panamericana Sur Km 199, Chincha Alta",924290046,Alta (web oficial),2026-06-20
Peru,Great Wall,Great Wall,Derco Center Pakatnamú,Derco Center Pakatnamú - Chiclayo Panam. Norte,Ventas,Carretera Panamericana Norte Nro. 1006,994040953 / 942674945,Alta (web oficial),2026-06-20
Peru,Great Wall,Great Wall,Derco Center Pakatnamú,Derco Center Pakatnamú- Chiclayo Pimentel,Ventas,Carretera Pimentel KM. 4.5,972512261,Alta (web oficial),2026-06-20
Peru,Great Wall,Great Wall,Derco Center Planeta Motors,Derco Center Planeta Motors - San Juan de Lurigancho,Ventas,"Avenida Lurigancho cuadra 9, Mall aventura SJL",992756886 / 017020505,Alta (web oficial),2026-06-20
Peru,Great Wall,Great Wall,Derco Center Planeta Motors,Derco Center Planeta Motors San Isidro,Ventas,Av. República de Panamá Nro. 3685,940176984,Alta (web oficial),2026-06-20
Peru,Great Wall,Great Wall,Derco Center Roberts,Derco Center Roberts - Arequipa Aviación,Ventas,"Avenida Aviación KM 6, Cerro Colorado, Arequipa",958349364 / 947209132,Alta (web oficial),2026-06-20
Peru,Great Wall,Great Wall,Derco Center Roberts,Derco Center Roberts - Lopez de Romaña,Ventas,Calle Eduardo Lopez de Romaña Nro. 201,(54) 606600,Alta (web oficial),2026-06-20
Peru,Great Wall,Great Wall,Derco Center Roberts,Derco Center Roberts - Mall Arequipa Center,Ventas,Av. Aviación Nro. 202,972512261,Alta (web oficial),2026-06-20
Peru,Great Wall,Great Wall,Derco Center Roberts,Derco Center Roberts - Mall Aventura Arequipa Paucarpata,Ventas,Av. Porongoche Nro. 500,(54) 606600,Alta (web oficial),2026-06-20
Peru,Great Wall,Great Wall,Derco Center Roberts,Derco Center Roberts - Motor Plaza Cayma,Ventas,"Av. Ejército Cayma, Primer Nivel Motor Plaza Nro. 795",927147404,Alta (web oficial),2026-06-20
Peru,Great Wall,Great Wall,Derco Center Satelital,Derco Center Satelital Mall Aventura Bellavista,Ventas,Av. Oscar Benavides 3866 Callao,933629986 / 933613107,Alta (web oficial),2026-06-20
Peru,Great Wall,Great Wall,Dercocenter Wigo,Dercocenter Wigo Camacho,Ventas,"Av. Javier Prado Este 5380, La Molina 15023",013160000,Alta (web oficial),2026-06-20
Peru,Hyundai,Hyundai,Automecánica San Miguel,Automecánica San Miguel,Ventas,"Av. Enrique Meiggs 1141, Chimbote - Ancash",970 898 716,"Media (web oficial, data embebida depurada; sedes posventa consolidadas)",2026-06-20
Peru,Hyundai,Hyundai,Automotores Inka,Automotores Inka - Chiclayo,Ventas,"Av. Panam. Norte y Augusto B. Leguía, Fundo Iris, Chiclayo",987 103 383,"Media (web oficial, data embebida depurada; sedes posventa consolidadas)",2026-06-20
Peru,Hyundai,Hyundai,Automotores Inka,Automotores Inka - Chiclayo (Mariscal Nieto),Ventas,"Av. Mariscal Nieto 480, Chiclayo",987 103 383,"Media (web oficial, data embebida depurada; sedes posventa consolidadas)",2026-06-20
Peru,Hyundai,Hyundai,Automotores Inka,Automotores Inka - Huancayo,Ventas,"Av. Mariscal Castilla 3824, Huancayo",992 872 516,"Media (web oficial, data embebida depurada; sedes posventa consolidadas)",2026-06-20
Peru,Hyundai,Hyundai,Automotores Inka,Automotores Inka El Golf - Trujillo,Ventas,"Au. Panamericana Nte. 1320, Víctor Larco Herrera, Trujillo",+51 972 051 479,"Media (web oficial, data embebida depurada; sedes posventa consolidadas)",2026-06-20
Peru,Hyundai,Hyundai,Automotores Inka,Automotores Inka Mall Trujillo,Ventas,"Mall Aventura Plaza Av. América Oeste s/n, Trujillo",+51 972 051 479,"Media (web oficial, data embebida depurada; sedes posventa consolidadas)",2026-06-20
Peru,Hyundai,Hyundai,Automotores Inka,Automotores Inka Trujillo,Ventas,"Av. Nicolás de Piérola 1830, Trujillo",+51 989 131 139,"Media (web oficial, data embebida depurada; sedes posventa consolidadas)",2026-06-20
Peru,Hyundai,Hyundai,Automotores de la Amazonía,Automotores de la Amazonía,Ventas,"Carretera central 3.5km Amarilis, Huánuco",(062) 637195,"Media (web oficial, data embebida depurada; sedes posventa consolidadas)",2026-06-20
Peru,Hyundai,Hyundai,Automotores de la Amazonía,Automotores de la Amazonía Tarapoto,Ventas,"Jr. Jiménez Pimentel N°1408, Tarapoto",(042) 604183,"Media (web oficial, data embebida depurada; sedes posventa consolidadas)",2026-06-20
Peru,Hyundai,Hyundai,Gildemeister/Motormundo,Gildemeister Retail Los Olivos,Ventas,Av. Alfredo Mendiola 1400 - Independencia - Lima,(01) 627 0246,"Media (web oficial, data embebida depurada; sedes posventa consolidadas)",2026-06-20
Peru,Hyundai,Hyundai,Gildemeister/Motormundo,Gildemeister Retail Miraflores,Ventas,Av. Del Ejercito 1200 - Miraflores - Lima,(01) 613 7777,"Media (web oficial, data embebida depurada; sedes posventa consolidadas)",2026-06-20
Peru,Hyundai,Hyundai,Gildemeister/Motormundo,Gildemeister Retail San Isidro,Ventas,Av. Javier Prado Oeste Nro. 140 - San Isidro - Lima,(01) 613 7777,"Media (web oficial, data embebida depurada; sedes posventa consolidadas)",2026-06-20
Peru,Hyundai,Hyundai,Gildemeister/Motormundo,Gildemeister Retail San Miguel,Ventas,Av. La Marina Nº 3188 - Urb. Maranga - San Miguel - Lima,(01) 613 7777,"Media (web oficial, data embebida depurada; sedes posventa consolidadas)",2026-06-20
Peru,5,5,Derco (Derco Center),,,,,,
Peru,6,6,Perumotor,,,,,,
Peru,5,5,Maquinarias,,,,,,
Peru,6,6,Incamotors,,,,,,
Peru,5,5,Interamericana,,,,,,
Peru,5,5,Derco Center Roberts,,,,,,
Peru,9,9,Wigo,,,,,,
Peru,7,7,Automotores Inka,,,,,,
Peru,5,5,Derco Center Automotores Pakatnamú,,,,,,
Peru,7,7,Autoland,,,,,,
Peru,5,5,Derco Center B Motors,,,,,,
Peru,3,3,Gildemeister/Motormundo,,,,,,
Peru,1,1,Ambacar,,,,,,
Peru,5,5,Derco Center Planeta Motors,,,,,,
Peru,5,5,Derco Center Automotores Inka,,,,,,
Peru,5,5,Derco Center Satelital,,,,,,
Peru,4,4,Derco Center Pakatnamú,,,,,,
Peru,3,3,Satelital,,,,,,
Peru,2,2,Intermotors,,,,,,
Peru,1,1,Grupo Pana,,,,,,
Peru,5,5,Derco Center KLM,,,,,,
Peru,5,5,Derco Center Motor Mass,,,,,,
Peru,4,4,Revoshop,,,,,,
Peru,5,5,Derco Center Pacifico Motors,,,,,,
Peru,3,3,Astara,,,,,,
Peru,3,3,Automotores de la Amazonía,,,,,,
Peru,3,3,GM Conversiones,,,,,,
Peru,5,5,Derco Center Ate,,,,,,
Peru,5,5,Derco Center E Rimassa,,,,,,
Peru,5,5,Derco Center Gran Prix,,,,,,
Peru,5,5,Derco Center Motorshow,,,,,,
Peru,3,3,Automecánica San Miguel,,,,,,
Peru,3,3,Planeta,,,,,,
Peru,3,3,San Antonio Motors,,,,,,
Peru,2,2,Alese,,,,,,
Peru,4,4,Derco Center - Surco,,,,,,
Peru,4,4,Derco Center Iquitos,,,,,,
Peru,3,3,Derco Center Autored,,,,,,
Peru,2,2,B Motors,,,,,,
Peru,1,1,Conauto Arequipa,,,,,,
Peru,1,1,SUR MOTORS,,,,,,
Peru,3,3,DercoCenter Pacífico,,,,,,
Peru,3,3,Dercocenter Wigo,,,,,,
Peru,3,3,Mundomotriz,,,,,,
Peru,3,3,Pacífico Motors,,,,,,
Peru,2,2,Expomotor,,,,,,
Peru,1,1,Autoespar San,,,,,,
Peru,1,1,Corasur Cusco,,,,,,
Peru,1,1,INTERMOTORS (TRUJILLO,,,,,,
Peru,1,1,SUR MOTORS (AREQUIPA,,,,,,
Peru,2,2,Automaquinarias del Amazonas,,,,,,
Peru,2,2,Derco Center Corsa,,,,,,
Peru,2,2,Derco Center Gacsa,,,,,,
Peru,2,2,Dercocenter Autoland,,,,,,
Peru,2,2,Multimarkas,,,,,,
Peru,2,2,Oriente Automotriz,,,,,,
Peru,2,2,Santa Cecilia,,,,,,
Peru,1,1,Almacenes Santa Clara,,,,,,
Peru,1,1,Auto Parts Marza,,,,,,
Peru,1,1,Autobacks,,,,,,
Peru,1,1,Autocentro Tarapoto,,,,,,
Peru,1,1,Autodisa Cusco,,,,,,
Peru,1,1,Automóviles Huancayo,,,,,,
Peru,1,1,Autonort Trujillo,,,,,,
Peru,1,1,Comercializadora Norte,,,,,,
Peru,1,1,Conauto Juliaca,,,,,,
Peru,1,1,Cusco,,,,,,
Peru,1,1,Ecar,,,,,,
Peru,1,1,Lima,,,,,,
Peru,1,1,Mopal Pucallpa,,,,,,
Peru,1,1,Motormass,,,,,,
Peru,1,1,Nor Autos,,,,,,
Peru,1,1,PERUCAR,,,,,,
Peru,1,1,Perucar,,,,,,
Peru,1,1,Roberts,,,,,,
Peru,1,1,SAIK –,,,,,,
Peru,1,1,AION,,,,,,
Peru,1,1,AUTOCAMIONES DEL,,,,,,
Peru,1,1,AUTOS DEL,,,,,,
Peru,1,1,AUTOSHOP,,,,,,
Peru,1,1,Alfonso Ugarte,,,,,,
Peru,1,1,Auto Summit,,,,,,
Peru,1,1,Auto al Día,,,,,,
Peru,1,1,Autoespar C.C.,,,,,,
Peru,1,1,Autoespar Cañete,,,,,,
Peru,1,1,Autoespar Comas,,,,,,
Peru,1,1,Autoespar Ica,,,,,,
Peru,1,1,Autoespar Mall,,,,,,
Peru,1,1,Autoespar Puente,,,,,,
Peru,1,1,Automotores Alvarito,,,,,,
Peru,1,1,Automotores Pakatnamú,,,,,,
Peru,1,1,Automotores Yoshival,,,,,,
Peru,1,1,Automotriz Huamanga,,,,,,
Peru,1,1,Automotriz Sierra Alta,,,,,,
Peru,1,1,Automóviles Ayacucho,,,,,,
Peru,1,1,Automóviles C.C.,,,,,,
Peru,1,1,Automóviles Chilca,,,,,,
Peru,1,1,Autoniza Chimbote,,,,,,
Peru,1,1,Autoniza Mall,,,,,,
Peru,1,1,Autonort Barranca,,,,,,
Peru,1,1,Autonort C.C.,,,,,,
Peru,1,1,Autonort Cajamarca,,,,,,
Peru,1,1,Autonort Chimbote,,,,,,
Peru,1,1,Autonort Huamachuco,,,,,,
Peru,1,1,Autonort Huaraz,,,,,,
Peru,1,1,Autonort Jaén,,,,,,
Peru,1,1,Autonort Talara,,,,,,
Peru,1,1,Autored,,,,,,
Peru,1,1,Autosummit,,,,,,
Peru,1,1,Bluemec,,,,,,
Peru,1,1,CARPIO,,,,,,
Peru,1,1,CIA Automotriz,,,,,,
Peru,1,1,Cajamarca,,,,,,
Peru,1,1,Carpio,,,,,,
Peru,1,1,Cedea,,,,,,
Peru,1,1,Chiu Hermanos,,,,,,
Peru,1,1,Conauto C.C.,,,,,,
Peru,1,1,Conauto Puno,,,,,,
Peru,1,1,Corsa,,,,,,
Peru,1,1,Dallas,,,,,,
Peru,1,1,Derco Center Maquinarias,,,,,,
Peru,1,1,Derco Center Tomás Valle,,,,,,
Peru,1,1,Dercocenter - Surco,,,,,,
Peru,1,1,Dercocenter Corsa,,,,,,
Peru,1,1,Ecomotores,,,,,,
Peru,1,1,GNECCO &,,,,,,
Peru,1,1,Geely Surco,,,,,,
Peru,1,1,Gnecco y Cia,,,,,,
Peru,1,1,Gran Prix,,,,,,
Peru,1,1,Grupo Pana Surco,,,,,,
Peru,1,1,HS TALLERES,,,,,,
Peru,1,1,Huancayo,,,,,,
Peru,1,1,IA AUTOS,,,,,,
Peru,1,1,INTERMOTORS,,,,,,
Peru,1,1,INTERMOTORS (CHIMBOTE,,,,,,
Peru,1,1,IWAGEN,,,,,,
Peru,1,1,Ica,,,,,,
Peru,1,1,Inka,,,,,,
Peru,1,1,Kodo Motors,,,,,,
Peru,1,1,La Marina,,,,,,
Peru,1,1,La Merced,,,,,,
Peru,1,1,MITA,,,,,,
Peru,1,1,MOTORES PIZARRO,,,,,,
Peru,1,1,MSA Automotriz,,,,,,
Peru,1,1,Mall del Sur,,,,,,
Peru,1,1,Mannucci C.C.,,,,,,
Peru,1,1,Mannucci Motors,,,,,,
Peru,1,1,Mannucci Motors S.A.C.,,,,,,
Peru,1,1,Mitsui Aramburú,,,,,,
Peru,1,1,Mitsui Arequipa,,,,,,
Peru,1,1,Mitsui Canadá,,,,,,
Peru,1,1,Mitsui La,,,,,,
Peru,1,1,Mitsui Miraflores,,,,,,
Peru,1,1,Mitsui Santa,,,,,,
Peru,1,1,Mopal Huánuco,,,,,,
Peru,1,1,Mopal Pasco,,,,,,
Peru,1,1,Motorshow,,,,,,
Peru,1,1,Nor Autos Piura,,,,,,
Peru,1,1,PSP Taller,,,,,,
Peru,1,1,Pakatnamú,,,,,,
Peru,1,1,Pandero,,,,,,
Peru,1,1,Plaza Norte,,,,,,
Peru,1,1,San Cristóbal,,,,,,
Peru,1,1,Savi Motors,,,,,,
Peru,1,1,Tarapoto,,,,,,
Peru,1,1,Venta Corporativa,,,,,,
Peru,1,1,WASHINGTON AUT.,,,,,,
Chile,Peugeot,Peugeot,Alameda,ALAMEDA - CURICÓ SERVICIO TÉCNICO,Servicio,"AVENIDA MANSO DE VELASCO 120, CURICÓ",+56950184699,Alta (web oficial),2026-06-17
Chile,Peugeot,Peugeot,Alameda,ALAMEDA - CURICÓ VENTAS,Ventas,"CAMILO HENRÍQUEZ 301, CURICÓ",+56996891220,Alta (web oficial),2026-06-17
Chile,Peugeot,Peugeot,Alameda,ALAMEDA - MACHALÍ,Ventas,"Leopoldo de Asís N° 1052, Machalí",+56722608200,Alta (web oficial),2026-06-17
Chile,Peugeot,Peugeot,Alameda,ALAMEDA - RANCAGUA,Ventas,"Avenida L. B. O'Higgins N° 679, Rancagua",+56722608200,Alta (web oficial),2026-06-17
Chile,Peugeot,Peugeot,Alameda,ALAMEDA - SAN FERNANDO,Ventas,"Av. Manuel Rodríguez 1125, San Fernando",+56722608780,Alta (web oficial),2026-06-17
Chile,Changan,Changan,Anfruns Motors,Anfruns Motors Maipú,Ventas,Camino a Melipilla Nro. 11611,56224051500,Alta (web oficial),2026-06-17
Chile,Great Wall,Great Wall,Anfruns Motors,ANFRUNS MOTORS - RANCAGUA,Ventas,Av. Gral Manuel Baquedano Nro. 12,224051600,Alta (web oficial),2026-06-17
Chile,Great Wall,Great Wall,Anfruns Motors,ANFRUNS MOTORS MAIPÚ,Ventas,CAMINO A MELIPILLA NRO. 11611,224051500,Alta (web oficial),2026-06-17
Chile,Suzuki,Suzuki,Anfruns Motors,ANFRUNS MOTORS - RANCAGUA,Ventas,AV. GRAL MANUEL BAQUEDANO NRO. 12,,Media (red Derco),2026-06-17
Chile,Suzuki,Suzuki,Anfruns Motors,ANFRUNS MOTORS MAIPÚ,Ventas,CAMINO A MELIPILLA NRO. 11611,,Media (red Derco),2026-06-17
Chile,Great Wall,Great Wall,Ansa,ANSA - HUECHURABA,Ventas,AV. AMÉRICO VESPUCIO NORTE NRO. 633,(22) 626 9146,Alta (web oficial),2026-06-17
Chile,Suzuki,Suzuki,Ansa,ANSA - HUECHURABA,Ventas,AV. AMÉRICO VESPUCIO NORTE NRO. 633,,Media (red Derco),2026-06-17
Chile,Changan,Changan,Arauco Ignacio,Arauco Ignacio Carrera Pinto,Ventas,Ignacio Carrera Pinto Nro. 284,712221434 / 56932308149,Alta (web oficial),2026-06-17
Chile,Hyundai,Hyundai,Arica,Arica - Casa Pony,Ventas,"Av. Vicuña Mackenna 751, Arica",(58)2252518 / (58) 223 0019,Alta (web oficial),2026-06-17
Chile,Hyundai,Hyundai,Arica,Arica - Hyundai City,Ventas,"Chacabuco 786, Arica",9 9449 1146,Alta (web oficial),2026-06-17
Chile,Peugeot,Peugeot,Aspillaga & Hornauer,ASPILLAGA & HORNAUER POSVENTA,Desabolladura/Posventa,"8 NORTE 1057, VIÑA DEL MAR",+56322769444,Alta (web oficial),2026-06-17
Chile,Peugeot,Peugeot,Aspillaga & Hornauer,ASPILLAGA & HORNAUER VENTAS,Ventas,"AVENIDA LIBERTAD 698, VIÑA DEL MAR",+56322769444,Alta (web oficial),2026-06-17
Chile,Changan,Changan,Aspillaga Hornauer,Aspillaga Hornauer - Coquimbo,Ventas,Av. Videla Nro. 335,56512710680 / 56322769444,Alta (web oficial),2026-06-17
Chile,Changan,Changan,Aspillaga Hornauer,Aspillaga Hornauer - El Belloto,Ventas,Freire Nro. 2050,56322769444 / 56995489148,Alta (web oficial),2026-06-17
Chile,Changan,Changan,Aspillaga Hornauer,Aspillaga Hornauer - La Ligua,Ventas,Ortiz de Rozas Nro. 621,56958773377 / 56952356495,Alta (web oficial),2026-06-17
Chile,Changan,Changan,Aspillaga Hornauer,Aspillaga Hornauer - Ovalle,Ventas,Gobernadora Laura Pizarro Nro. 1500,56532353001 / 56958873848,Alta (web oficial),2026-06-17
Chile,Changan,Changan,Aspillaga Hornauer,Aspillaga Hornauer - Quillota,Ventas,Ramón Freire Nro. 1020,56322769444 / 56995489148,Alta (web oficial),2026-06-17
Chile,Changan,Changan,Aspillaga Hornauer,Aspillaga Hornauer - Viña del Mar - Quillota 795,Ventas,Quillota Nro. 766,56322769444,Alta (web oficial),2026-06-17
Chile,Great Wall,Great Wall,Aspillaga Hornauer,ASPILLAGA HORNAUER - COQUIMBO,Ventas,AV. VIDELA NRO. 335,(51) 271 0680 / (32) 2769444,Alta (web oficial),2026-06-17
Chile,Great Wall,Great Wall,Aspillaga Hornauer,ASPILLAGA HORNAUER - DYP - VIÑA DEL MAR,Desabolladura/Posventa,Ruta 60 Nro. 4674,322769444,Alta (web oficial),2026-06-17
Chile,Great Wall,Great Wall,Aspillaga Hornauer,ASPILLAGA HORNAUER - EL BELLOTO,Ventas,FREIRE NRO. 2050,322769444 / (32) 276 9444,Alta (web oficial),2026-06-17
Chile,Great Wall,Great Wall,Aspillaga Hornauer,ASPILLAGA HORNAUER - LA LIGUA,Ventas,ORTIZ DE ROZAS NRO. 621,322769444,Alta (web oficial),2026-06-17
Chile,Great Wall,Great Wall,Aspillaga Hornauer,ASPILLAGA HORNAUER - OVALLE,Ventas,AV. GOBERNADORA LAURA PIZARRO NRO. 1500,+56 322769444,Alta (web oficial),2026-06-17
Chile,Great Wall,Great Wall,Aspillaga Hornauer,ASPILLAGA HORNAUER - QUILLOTA,Ventas,RAMÓN FREIRE NRO. 1020,322769444,Alta (web oficial),2026-06-17
Chile,Great Wall,Great Wall,Aspillaga Hornauer,ASPILLAGA HORNAUER - VIÑA DEL MAR - QUILLOTA 795,Ventas,QUILLOTA NRO. 795,(32) 276 9444,Alta (web oficial),2026-06-17
Chile,Great Wall,Great Wall,Aspillaga Hornauer,ASPILLAGA HORNAUER COQUIMBO SANTA ESTER,Ventas,Santa Ester Nro. 245,+56958166618,Alta (web oficial),2026-06-17
Chile,Suzuki,Suzuki,Aspillaga Hornauer,ASPILLAGA HORNAUER - COQUIMBO,Ventas,AV. VIDELA NRO. 335,,Media (red Derco),2026-06-17
Chile,Suzuki,Suzuki,Aspillaga Hornauer,ASPILLAGA HORNAUER - DYP - OVALLE,Desabolladura/Posventa,AV. GOBERNADORA LAURA PIZARRO NRO. 1500,,Media (red Derco),2026-06-17
Chile,Suzuki,Suzuki,Aspillaga Hornauer,ASPILLAGA HORNAUER - DYP - VIÑA DEL MAR,Desabolladura/Posventa,RUTA 60 NRO. 4674,,Media (red Derco),2026-06-17
Chile,Suzuki,Suzuki,Aspillaga Hornauer,ASPILLAGA HORNAUER - EL BELLOTO,Ventas,FREIRE NRO. 2050,,Media (red Derco),2026-06-17
Chile,Suzuki,Suzuki,Aspillaga Hornauer,ASPILLAGA HORNAUER - LA LIGUA,Ventas,ORTIZ DE ROZAS NRO. 621,,Media (red Derco),2026-06-17
Chile,Suzuki,Suzuki,Aspillaga Hornauer,ASPILLAGA HORNAUER - OVALLE,Ventas,"CAMINO LONGITUDINAL SUR, RUTA 5 SUR, KM 37, CRUCE LINDEROS NRO. 3290",,Media (red Derco),2026-06-17
Chile,Suzuki,Suzuki,Aspillaga Hornauer,ASPILLAGA HORNAUER - QUILLOTA,Ventas,RAMÓN FREIRE NRO. 1020,,Media (red Derco),2026-06-17
Chile,Suzuki,Suzuki,Aspillaga Hornauer,ASPILLAGA HORNAUER - VIÑA DEL MAR - QUILLOTA 795,Ventas,,,Media (red Derco),2026-06-17
Chile,Suzuki,Suzuki,Aspillaga Hornauer,ASPILLAGA HORNAUER COQUIMBO SANTA ESTER,Ventas,SANTA ESTER NRO. 245,,Media (red Derco),2026-06-17
Chile,Mitsubishi,Mitsubishi,Astara Retail,Astara Retail (10 de Julio),Ventas,10 de Julio 348,+5622 8371961,Alta (web oficial),2026-06-17
Chile,Mitsubishi,Mitsubishi,Astara Retail,Astara Retail La Cisterna,Ventas,"Gran Avenida 6798, Paradero 18 1/2",+5622 837 1927,Alta (web oficial),2026-06-17
Chile,Mitsubishi,Mitsubishi,Astara Retail,Astara Retail La Florida,Ventas,"Froilán Roa 1120, La Florida",,Alta (web oficial),2026-06-17
Chile,Mitsubishi,Mitsubishi,Astara Retail,Astara Retail Las Condes,Ventas,Av. Las Condes 7914,+5622 8371927,Alta (web oficial),2026-06-17
Chile,Mitsubishi,Mitsubishi,Astara Retail,Astara Retail Machalí,Ventas,"Av. San Juan 216, Machalí, Rancagua",+5672 2213898,Alta (web oficial),2026-06-17
Chile,Mitsubishi,Mitsubishi,Astara Retail,Astara Retail Maipú,Ventas,Pajaritos esquina T. Valdés (Tristán Valdés #20),+56228371805,Alta (web oficial),2026-06-17
Chile,Mitsubishi,Mitsubishi,Astara Retail,Astara Retail Rancagua,Ventas,"Av. L. B. O'Higgins 216, Rancagua",+5672 2234023,Alta (web oficial),2026-06-17
Chile,Mitsubishi,Mitsubishi,Astara Retail,Astara Retail San Bernardo,Ventas,Av. Jorge Alessandri 20040,+5622 8578179,Alta (web oficial),2026-06-17
Chile,Mitsubishi,Mitsubishi,Astara Retail,Astara Retail San Bernardo (Nos),Ventas,"Av. Presidente Jorge Alessandri 20.150, Nos",+56600 375 7000,Alta (web oficial),2026-06-17
Chile,Mitsubishi,Mitsubishi,Astara Retail,Astara Retail Santiago (Brasil),Ventas,Av. Brasil 26,+5622 8371981,Alta (web oficial),2026-06-17
Chile,Mitsubishi,Mitsubishi,Astara Retail,Astara Retail Santiago (Santa Rosa),Ventas,"Santa Rosa Nº 812, Santiago Centro",+5622 8371807,Alta (web oficial),2026-06-17
Chile,Ford,Ford,Auto Summit,Auto Summit - Antofagasta,Ventas,"Calle Anhidrita 28 Barrio Industrial, Antofagasta",55 288 3410,Alta (doc oficial),2026-06-17
Chile,Ford,Ford,Auto Summit,Auto Summit - Calama,Ventas,"Av. Las Industrias 344, Puerto Seco",55 288 9011,Alta (doc oficial),2026-06-17
Chile,Ford,Ford,Auto Summit,Auto Summit - Casa Matriz,Ventas,"Vicuña Mackenna 5495, San Joaquín",2 2332 3201,Alta (doc oficial),2026-06-17
Chile,Ford,Ford,Auto Summit,Auto Summit - Matta,Ventas,"Av. Matta 1537, Santiago",2 2262 0301,Alta (doc oficial),2026-06-17
Chile,Ford,Ford,Auto Summit,Auto Summit - Vitacura,Ventas,"Vitacura 9546, Vitacura",2 2332 3201,Alta (doc oficial),2026-06-17
Chile,Ford,Ford,Auto Summit,Auto Summit - Ñuñoa,Ventas,"Vicuña Mackenna 1454, Ñuñoa",2 2332 3179,Alta (doc oficial),2026-06-17
Chile,Toyota,Toyota,Autocenter,Autocenter Coyhaique,Ventas,Av. Ogana 1157,9 59138267,Alta (web oficial),2026-06-17
Chile,Toyota,Toyota,Autocenter,Autocenter Punta Arenas,Ventas,,+569 44577092,Alta (web oficial),2026-06-17
Chile,Toyota,Toyota,Autocenter,Autocenter Punta Arenas (Service),Servicio,Av. Costanera del Estrecho 029. Punta Arenas.,+569 54027767,Alta (web oficial),2026-06-17
Chile,Changan,Changan,Autocentro Nicolás,Autocentro Nicolás - Copiapó,Ventas,Chacabuco Nro. 777,56232102349,Alta (web oficial),2026-06-17
Chile,Great Wall,Great Wall,AUTOCENTRO NICOLÁS,AUTOCENTRO NICOLÁS - COPIAPÓ,Ventas,CHACABUCO NRO. 777,56522239020,Alta (web oficial),2026-06-17
Chile,Suzuki,Suzuki,AUTOCENTRO NICOLÁS,AUTOCENTRO NICOLÁS - COPIAPÓ,Ventas,CHACABUCO NRO. 777,,Media (red Derco),2026-06-17
Chile,Toyota,Toyota,Autocentro Nicolás,Autocentro Nicolás Copiapó,Ventas,,+56 974885521,Alta (web oficial),2026-06-17
Chile,Mitsubishi,Mitsubishi,Autokas,Autokas Lo Barnechea,Ventas,"Av José Alcalde Délano 10501, Lo Barnechea",+56228569482,Alta (web oficial),2026-06-17
Chile,Kia,Kia,Automotora Alameda,Automotora Alameda - Curicó,Ventas,"Carmen 881 Esquina Camilo Henríquez, Curico",752320261,Alta (web oficial),2026-06-17
Chile,Kia,Kia,Automotora Alameda,Automotora Alameda - Curicó DyP,Desabolladura y Pintura,"Manuel Montt 59, Curicó",752320251,Alta (web oficial),2026-06-17
Chile,Kia,Kia,Automotora Alameda,Automotora Alameda - Curicó Servicio,Servicio,"Manuel Montt 59, Curicó",752320251,Alta (web oficial),2026-06-17
Chile,Kia,Kia,Automotora Alameda,Automotora Alameda - Machalí,Ventas,"Leopoldo De Asis N° 1320, Machalí, VI Región, Chile",722565800,Alta (web oficial),2026-06-17
Chile,Kia,Kia,Automotora Alameda,Automotora Alameda - Rancagua,Ventas,"Alameda 698, Rancagua",722565730,Alta (web oficial),2026-06-17
Chile,Kia,Kia,Automotora Alameda,Automotora Alameda - Rancagua DyP,Desabolladura y Pintura,"San Martin 81, Rancagua",+56967286332,Alta (web oficial),2026-06-17
Chile,Kia,Kia,Automotora Alameda,Automotora Alameda - Rancagua Servicio,Servicio,"Cachapoal 1179, Rancagua",722565760,Alta (web oficial),2026-06-17
Chile,Kia,Kia,Automotora Alameda,Automotora Alameda - San Fernando,Ventas,"Av. Bernardo OHiggins 999, San Fernando",722565474,Alta (web oficial),2026-06-17
Chile,Kia,Kia,Automotora Alameda,Automotora Alameda - San Fernando DyP,Desabolladura y Pintura,"Argomedo 817, San Fernando",+942889415,Alta (web oficial),2026-06-17
Chile,Changan,Changan,Automotora Arauco,Automotora Arauco - Talca,Ventas,Av. San Miguel Nro. 3385,712221434 / 56968321486,Alta (web oficial),2026-06-17
Chile,Great Wall,Great Wall,Automotora Arauco,AUTOMOTORA ARAUCO - EL COLÍN,Ventas,IGNACIO CARRERA PINTO NRO. 284,712221434 / +56932308149,Alta (web oficial),2026-06-17
Chile,Great Wall,Great Wall,Automotora Arauco,AUTOMOTORA ARAUCO - TALCA,Ventas,AV. SAN MIGUEL NRO. 3385,27122407335 / +56968321482,Alta (web oficial),2026-06-17
Chile,Suzuki,Suzuki,Automotora Arauco,AUTOMOTORA ARAUCO - EL COLÍN,Ventas,IGNACIO CARRERA PINTO NRO. 284,,Media (red Derco),2026-06-17
Chile,Suzuki,Suzuki,Automotora Arauco,AUTOMOTORA ARAUCO - TALCA,Ventas,AV. SAN MIGUEL NRO. 3385,,Media (red Derco),2026-06-17
Chile,Kia,Kia,Automotora Berríos,Automotora Berríos - Castro,Ventas,"Panamericana Norte 1406, Castro, Los Lagos",800100620,Alta (web oficial),2026-06-17
Chile,Kia,Kia,Automotora Berríos,Automotora Berríos - Castro Servicio,Servicio,"Pedro Montt 1360, Castro, Los Lagos",800100620,Alta (web oficial),2026-06-17
Chile,Kia,Kia,Automotora Berríos,Automotora Berríos - Puerto Montt,Ventas,"Chillán 401, Puerto Montt, Los Lagos",800100620,Alta (web oficial),2026-06-17
Chile,Kia,Kia,Automotora Berríos,Automotora Berríos - Puerto Montt - Repuestos,Repuestos,"Santa María 620, Puerto Montt",800100620,Alta (web oficial),2026-06-17
Chile,Kia,Kia,Automotora Berríos,Automotora Berríos - Puerto Montt Mall Alerce,Ventas,"Avenida Ferrocarril 2001, Local 10H Centro Comercial Mall Alerce, Puerto Montt",800100620,Alta (web oficial),2026-06-17
Chile,Kia,Kia,Automotora Berríos,Automotora Berríos - Puerto Montt Servicio,Servicio,"Alcalde 680, esquina Chillan Puerto Montt, Los Lagos",800100620,Alta (web oficial),2026-06-17
Chile,Kia,Kia,Automotora Berríos,Automotora Berríos - Puerto Varas DyP,Desabolladura y Pintura,Ruta 5 Sur km. 1010. Puerto Varas,802100620,Alta (web oficial),2026-06-17
Chile,Kia,Kia,Automotora Berríos,Automotora Berríos - Valdivia,Ventas,"Av Ramón Picarte 1348, Valdivia.",800100620,Alta (web oficial),2026-06-17
Chile,Kia,Kia,Automotora Berríos,Automotora Berríos - Valdivia DyP,Desabolladura y Pintura,"Sevilla 204, Valdivia, Los Ríos",800100620,Alta (web oficial),2026-06-17
Chile,Kia,Kia,Automotora Berríos,Automotora Berríos - Valdivia Servicio,Servicio,"Av Ramón Picarte 1348, Valdivia",800100620,Alta (web oficial),2026-06-17
Chile,Changan,Changan,Automotora Bilbao,Automotora Bilbao - Irarrázaval,Ventas,Av. Irarrázaval Nro. 577,56224134903,Alta (web oficial),2026-06-17
Chile,Changan,Changan,Automotora Bilbao,Automotora Bilbao - Mall Plaza Egaña,Ventas,Larrain Nro. 5862,56224134960,Alta (web oficial),2026-06-17
Chile,Changan,Changan,Automotora Bilbao,Automotora Bilbao - Suecia,Ventas,Av. Bilbao Nro. 2307,56224134902 / 56224134901,Alta (web oficial),2026-06-17
Chile,Changan,Changan,Automotora Bilbao,Automotora Bilbao - Ñuñoa - Av. Irarrázaval 577,Ventas,Av. Irarrázaval 577,56224134903,Alta (web oficial),2026-06-17
Chile,Great Wall,Great Wall,Automotora Bilbao,AUTOMOTORA BILBAO - DYP - LA REINA,Desabolladura/Posventa,AV. LA FORJA NRO. 8600,+56920155092 / +56988898216,Alta (web oficial),2026-06-17
Chile,Great Wall,Great Wall,Automotora Bilbao,AUTOMOTORA BILBAO - LA REINA,Ventas,AV. JORGE ALESSANDRI NRO. 705,224134894 / 224134940,Alta (web oficial),2026-06-17
Chile,Great Wall,Great Wall,Automotora Bilbao,AUTOMOTORA BILBAO - MALL PLAZA EGAÑA,Ventas,LARRAIN NRO. 5862,224134960,Alta (web oficial),2026-06-17
Chile,Great Wall,Great Wall,Automotora Bilbao,AUTOMOTORA BILBAO - PROVIDENCIA - SUZUKI,Ventas,Av. Bilbao Nro. 2307,(22) 413 4901,Alta (web oficial),2026-06-17
Chile,Great Wall,Great Wall,Automotora Bilbao,AUTOMOTORA BILBAO - ÑUÑOA,Ventas,AV. IRARRÁZAVAL 577,(22) 413 4903,Alta (web oficial),2026-06-17
Chile,Suzuki,Suzuki,Automotora Bilbao,AUTOMOTORA BILBAO - DYP - LA REINA,Desabolladura/Posventa,AV. LA FORJA NRO. 8600,,Media (red Derco),2026-06-17
Chile,Suzuki,Suzuki,Automotora Bilbao,AUTOMOTORA BILBAO - LA REINA,Ventas,AV. JORGE ALESSANDRI NRO. 705,,Media (red Derco),2026-06-17
Chile,Suzuki,Suzuki,Automotora Bilbao,AUTOMOTORA BILBAO - MALL PLAZA EGAÑA,Ventas,LARRAIN NRO. 5862,,Media (red Derco),2026-06-17
Chile,Suzuki,Suzuki,Automotora Bilbao,AUTOMOTORA BILBAO - PROVIDENCIA - SUZUKI,Ventas,AV. BILBAO NRO. 2307,,Media (red Derco),2026-06-17
Chile,Chevrolet,Chevrolet,Automotora Melhuish,AUTOMOTORA MELHUISH LAS CONDES,Ventas,REGIÓN METROPOLITANA / SANTIAGO,"\-33,3999881,-70,5556548","Alta (web oficial, sin dirección postal: ciudad + lat/lng)",2026-06-17
Chile,Chevrolet,Chevrolet,Automotora Melhuish,AUTOMOTORA MELHUISH MALL PASEO QUILÍN,Ventas,REGIÓN METROPOLITANA / SANTIAGO,"\-33,487461,-70,579614","Alta (web oficial, sin dirección postal: ciudad + lat/lng)",2026-06-17
Chile,Chevrolet,Chevrolet,Automotora Melhuish,AUTOMOTORA MELHUISH TOMÁS MORO,Ventas,REGIÓN METROPOLITANA / SANTIAGO,"\-33,415377,-70,553077","Alta (web oficial, sin dirección postal: ciudad + lat/lng)",2026-06-17
Chile,Changan,Changan,Automotriz Berrios,Automotriz Berrios SPA - Castro,Ventas,Panamericana Norte Nro. 1410,800100620,Alta (web oficial),2026-06-17
Chile,Changan,Changan,Automotriz Berrios,Automotriz Berrios SPA - Puerto Montt (Cauquenes),Ventas,Cauquenes Nro. 395,800100620,Alta (web oficial),2026-06-17
Chile,Changan,Changan,Automotriz Berrios,Automotriz Berrios SPA - Valdivia,Ventas,Pedro Aguirre Cerda Nro. 206,800100620,Alta (web oficial),2026-06-17
Chile,Great Wall,Great Wall,Automotriz Berrios,AUTOMOTRIZ BERRIOS SPA - CASTRO,Ventas,Panamericana Norte Nro. 1406,800 10 0620,Alta (web oficial),2026-06-17
Chile,Great Wall,Great Wall,Automotriz Berrios,AUTOMOTRIZ BERRIOS SPA - CASTRO PEDRO MONTT,Ventas,Pedro Montt Nro. 1360,800 10 0620,Alta (web oficial),2026-06-17
Chile,Great Wall,Great Wall,Automotriz Berrios,AUTOMOTRIZ BERRIOS SPA - DYP - PTO. VARAS,Desabolladura/Posventa,Ruta 5 Sur km Nro. 1010,800 10 0620,Alta (web oficial),2026-06-17
Chile,Great Wall,Great Wall,Automotriz Berrios,AUTOMOTRIZ BERRIOS SPA - PUERTO MONTT,Ventas,Chillan Nro. 413,800 10 0620,Alta (web oficial),2026-06-17
Chile,Great Wall,Great Wall,Automotriz Berrios,AUTOMOTRIZ BERRIOS SPA - PUERTO MONTT - SANTA MARÍA 395,Ventas,Santa María Nro. 395,800 10 0620,Alta (web oficial),2026-06-17
Chile,Great Wall,Great Wall,Automotriz Berrios,AUTOMOTRIZ BERRIOS SPA - PUERTO MONTT CAUQUENES,Ventas,Cauquenes Nro. 395,800 10 0620,Alta (web oficial),2026-06-17
Chile,Great Wall,Great Wall,Automotriz Berrios,AUTOMOTRIZ BERRIOS SPA - PUERTO MONTT SANTA MARIA,Ventas,Santa María Nro. 620,800 10 0620,Alta (web oficial),2026-06-17
Chile,Great Wall,Great Wall,Automotriz Berrios,AUTOMOTRIZ BERRIOS SPA - VALDIVIA,Ventas,PEDRO AGUIRRE CERDA NRO. 206,63-2-241213 / 56652285577,Alta (web oficial),2026-06-17
Chile,Great Wall,Great Wall,Automotriz Berrios,AUTOMOTRIZ BERRIOS SPA- PUERTO VARAS,Ventas,"Parcela 2, Loteo Mirador, Puerto Varas Nro. 2",800 10 0620,Alta (web oficial),2026-06-17
Chile,Suzuki,Suzuki,Automotriz Berrios,AUTOMOTRIZ BERRIOS SPA - CASTRO,Ventas,PANAMERICANA NORTE NRO. 1406,,Media (red Derco),2026-06-17
Chile,Suzuki,Suzuki,Automotriz Berrios,AUTOMOTRIZ BERRIOS SPA - CASTRO (PEDRO MONTT),Ventas,PEDRO MONTT NRO. 1360,,Media (red Derco),2026-06-17
Chile,Suzuki,Suzuki,Automotriz Berrios,AUTOMOTRIZ BERRIOS SPA - DYP - PTO. VARAS,Desabolladura/Posventa,RUTA 5 SUR KM NRO. 1010,,Media (red Derco),2026-06-17
Chile,Suzuki,Suzuki,Automotriz Berrios,AUTOMOTRIZ BERRIOS SPA - SANTA MARÍA 709,Ventas,,,Media (red Derco),2026-06-17
Chile,Suzuki,Suzuki,Automotriz Berrios,AUTOMOTRIZ BERRIOS SPA - VALDIVIA,Ventas,PEDRO AGUIRRE CERDA NRO. 206,,Media (red Derco),2026-06-17
Chile,Suzuki,Suzuki,Automotriz Berrios,AUTOMOTRIZ BERRIOS SPA- PUERTO VARAS,Ventas,"PARCELA 2, LOTEO MIRADOR, PUERTO VARAS NRO. 2",,Media (red Derco),2026-06-17
Chile,Great Wall,Great Wall,AUTOMÓVILES RENAULT BILBAO,AUTOMÓVILES RENAULT BILBAO - DYP - SAN MIGUEL,Desabolladura/Posventa,MARÍA AUXILIADORA NRO. 840,228917940 / +56971413270,Alta (web oficial),2026-06-17
Chile,Suzuki,Suzuki,AUTOMÓVILES RENAULT BILBAO,AUTOMÓVILES RENAULT BILBAO - DYP - SAN MIGUEL,Desabolladura/Posventa,MARÍA AUXILIADORA NRO. 840,,Media (red Derco),2026-06-17
Chile,Changan,Changan,AUTUM,Autum - La Reina - Av. Ossa con Bilbao,Ventas,Av Ossa Nro. 2345,56950103238,Alta (web oficial),2026-06-17
Chile,Changan,Changan,AUTUM,Autum - Las Condes - Av. Ossa con Bilbao,Ventas,Av Ossa Nro. 2345,56950103238 / 56950103073,Alta (web oficial),2026-06-17
Chile,Great Wall,Great Wall,AUTUM,AUTUM - DYP - LA REINA,Desabolladura/Posventa,LOS CANTEROS NRO. 8600,22434 5100,Alta (web oficial),2026-06-17
Chile,Suzuki,Suzuki,AUTUM,AUTUM - DYP - LA REINA,Desabolladura/Posventa,LOS CANTEROS NRO. 8600,,Media (red Derco),2026-06-17
Chile,Suzuki,Suzuki,AUTUM,AUTUM - LA REINA - AV. OSSA CON BILBAO,Ventas,,,Media (red Derco),2026-06-17
Chile,Suzuki,Suzuki,AUTUM,AUTUM - LAS CONDES - AV. OSSA CON BILBAO,Ventas,,,Media (red Derco),2026-06-17
Chile,Hyundai,Hyundai,Aventura Motors,Aventura Motors Servicio y Repuestos - Independencia,Repuestos,"Mall Barrio Independencia, piso -2",224115500,Alta (web oficial),2026-06-17
Chile,Mitsubishi,Mitsubishi,Aventura Motors,Aventura Motors (Mall Barrio Independencia),Ventas,"Los Olivos 980, Independencia, Piso -2",+5622 411 5500,Alta (web oficial),2026-06-17
Chile,Mitsubishi,Mitsubishi,Aventura Motors,Aventura Motors Colina,Ventas,Camino Chicureo Km 2.2,+5622 4115500,Alta (web oficial),2026-06-17
Chile,Mitsubishi,Mitsubishi,Aventura Motors,Aventura Motors Vitacura,Ventas,Av. Vitacura 7404,+5622 4115500,Alta (web oficial),2026-06-17
Chile,Peugeot,Peugeot,Balmaceda,BALMACEDA - COPIAPÓ,Ventas,"Ramón Freire 210, Copiapó",+56522236322,Alta (web oficial),2026-06-17
Chile,Peugeot,Peugeot,Balmaceda,BALMACEDA - LA SERENA,Ventas,"Balmaceda 3025, La Serena",+56512295944,Alta (web oficial),2026-06-17
Chile,Peugeot,Peugeot,Balmaceda,BALMACEDA - OVALLE,Ventas,"Covarrubias 340, Ovalle",+56532620394,Alta (web oficial),2026-06-17
Chile,Toyota,Toyota,Berrios,Berrios (Desabolladura y pintura),Desabolladura/Posventa,RUTA 5 SUR KM. 1010,+56652285555,Alta (web oficial),2026-06-17
Chile,Toyota,Toyota,Berrios Castro,Berrios Castro,Ventas,Panamericana Norte 1406 Castro,+56 65 2 285 555,Alta (web oficial),2026-06-17
Chile,Toyota,Toyota,Berrios Mall,Berrios Mall Alerce,Ventas,Avenida Ferrocarril 2001,,Alta (web oficial),2026-06-17
Chile,Toyota,Toyota,Berrios Puerto,Berrios Puerto Montt,Ventas,,+56 65 2 285 555,Alta (web oficial),2026-06-17
Chile,Toyota,Toyota,Berrios Valdivia,Berrios Valdivia,Ventas,Avenida Ramón Picarte 1211,+56 632241206,Alta (web oficial),2026-06-17
Chile,Toyota,Toyota,Berrios Valdivia,Berrios Valdivia (Desabolladura y pintura),Desabolladura/Posventa,,+56 632241214,Alta (web oficial),2026-06-17
Chile,Hyundai,Hyundai,Bruno Fritsch,Bruno Fritsch Concepción Servicio y Repuestos,Repuestos,"Paicavi 2222, Concepcion",(41) 240 5432,Alta (web oficial),2026-06-17
Chile,Hyundai,Hyundai,Bruno Fritsch,Bruno Fritsch Mall Plaza Tobalaba,Ventas,"Av. Camilo Henriquez 3296, Puente Alto",\*7777,Alta (web oficial),2026-06-17
Chile,Hyundai,Hyundai,Bruno Fritsch,Bruno Fritsch Mall Plaza Vespucio,Ventas,"Av. Vicuña Mackenna 7110, La Florida Santiago.",,Alta (web oficial),2026-06-17
Chile,Hyundai,Hyundai,Bruno Fritsch,Bruno Fritsch Santiago Servicio y Repuestos,Repuestos,Av. Jose Miguel Carrera 7711,227905654,Alta (web oficial),2026-06-17
Chile,Hyundai,Hyundai,Bruno Fritsch,Bruno Fritsch Vicuña Mackenna,Ventas,"Av. Vicuña Mackenna 7781, La Florida. Santiago",6006262886,Alta (web oficial),2026-06-17
Chile,Peugeot,Peugeot,Bruno Fritsch,BRUNO FRITSCH - CONCEPCIÓN,Ventas,"AVDA. PAICAVI N° 2168, CONCEPCION",412664536,Alta (web oficial),2026-06-17
Chile,Peugeot,Peugeot,Bruno Fritsch,BRUNO FRITSCH - LA FLORIDA,Ventas,"Avenida La Florida N° 9510, La Florida",223524604,Alta (web oficial),2026-06-17
Chile,Peugeot,Peugeot,Bruno Fritsch,BRUNO FRITSCH - MALL PLAZA DEL TRÉBOL,Ventas,"Av. Pdte. Jorge Alessandri 3177 Local AP 107, Talcahuano",+56412405275,Alta (web oficial),2026-06-17
Chile,Peugeot,Peugeot,Bruno Fritsch,BRUNO FRITSCH - MALL PLAZA VESPUCIO,Ventas,"Vicuña Mackenna Oriente 7110 Loc 101, La Florida",+56223524604,Alta (web oficial),2026-06-17
Chile,Peugeot,Peugeot,Bruno Fritsch,BRUNO FRITSCH - MALL PZA TOBALABA,Ventas,"Av Camilo Henriquez 3692 L.BE113, Puente Alto",+56223524604,Alta (web oficial),2026-06-17
Chile,Peugeot,Peugeot,Bruno Fritsch,BRUNO FRITSCH - VICUÑA MACKENNA,Ventas,"VICUÑA MACKENNA 1157, Ñuñoa",+56223524604,Alta (web oficial),2026-06-17
Chile,Toyota,Toyota,Bruno Fritsch,Bruno Fritsch Concepción,Ventas,,600 6262886,Alta (web oficial),2026-06-17
Chile,Toyota,Toyota,Bruno Fritsch,Bruno Fritsch La Dehesa,Ventas,Avenida José Alcalde Délano 11255,600 6262886,Alta (web oficial),2026-06-17
Chile,Toyota,Toyota,Bruno Fritsch,Bruno Fritsch La Florida,Ventas,Av. La Florida 9510,600 6262886,Alta (web oficial),2026-06-17
Chile,Toyota,Toyota,Bruno Fritsch,Bruno Fritsch Las Condes,Ventas,Av. las Condes 11780,600 6262886,Alta (web oficial),2026-06-17
Chile,Toyota,Toyota,Bruno Fritsch,Bruno Fritsch Maipú,Ventas,Camino Melipilla 9160,600 6262886,Alta (web oficial),2026-06-17
Chile,Toyota,Toyota,Bruno Fritsch,Bruno Fritsch Mall Plaza Oeste,Ventas,,600 6262886,Alta (web oficial),2026-06-17
Chile,Toyota,Toyota,Bruno Fritsch,Bruno Fritsch Mall Plaza Trébol,Ventas,Avenida Presidente Jorge Alessandri Rodriguez 3177,600 6262886,Alta (web oficial),2026-06-17
Chile,Toyota,Toyota,Bruno Fritsch,Bruno Fritsch Mall Plaza Vespucio,Ventas,,600 6262886,Alta (web oficial),2026-06-17
Chile,Toyota,Toyota,Bruno Fritsch,Bruno Fritsch Plaza Tobalaba,Ventas,Avenida Camilo Henríquez 3692,600 6262886,Alta (web oficial),2026-06-17
Chile,Hyundai,Hyundai,Buin,Buin - Curifor,Ventas,"Av. Panamericana Sur Km. 35, Linderos, Buin",2 2821 1858 / 2 2821 5400,Alta (web oficial),2026-06-17
Chile,Ford,Ford,Callegari,Callegari - Copiapó,Ventas,Av. Ramón Freire 210,52 223 6322,Alta (doc oficial),2026-06-17
Chile,Ford,Ford,Callegari,Callegari - La Serena,Ventas,"Balmaceda 4455, La Serena",51 264 2003,Alta (doc oficial),2026-06-17
Chile,Ford,Ford,Callegari,Callegari - Ovalle,Ventas,"Covarrubias 340, Ovalle",53 262 0394,Alta (doc oficial),2026-06-17
Chile,Kia,Kia,Callegari,Callegari - Copiapó,Ventas,"Ramón Freire 210, Copiapó",6004001070,Alta (web oficial),2026-06-17
Chile,Kia,Kia,Callegari,Callegari - Copiapó DyP,Desabolladura y Pintura,"Ramón Freire 210, Copiapó",+56989229555,Alta (web oficial),2026-06-17
Chile,Kia,Kia,Callegari,Callegari - Copiapó Servicio,Servicio,"Ramón Freire 210, Copiapó",6004001070,Alta (web oficial),2026-06-17
Chile,Kia,Kia,Callegari,Callegari - La Serena DyP,Desabolladura y Pintura,"Av. Balmaceda 3025, La Serena",+56968451949,Alta (web oficial),2026-06-17
Chile,Kia,Kia,Callegari,Callegari - La serena,Ventas,"Av. El Santo 1695, La Serena",6004001070,Alta (web oficial),2026-06-17
Chile,Kia,Kia,Callegari,Callegari - La serena Servicio,Servicio,"Av. El Santo 1695, La Serena",6004001070,Alta (web oficial),2026-06-17
Chile,Kia,Kia,Callegari,Callegari - Ovalle,Ventas,"Covarrubias 340, Ovalle",6004001070,Alta (web oficial),2026-06-17
Chile,Kia,Kia,Callegari,Callegari - Ovalle Servicio,Servicio,"Covarrubias 340, Ovalle, Coquimbo Region, Chile",6004001070,Alta (web oficial),2026-06-17
Chile,Mitsubishi,Mitsubishi,Callegari,CALLEGARI COPIAPÓ,Ventas,"Av. General Ramón Freire 070, Copiapó",,Alta (web oficial),2026-06-17
Chile,Mitsubishi,Mitsubishi,Callegari,CALLEGARI LA SERENA (BALMACEDA),Ventas,"Balmaceda 1880, La Serena",+5651 2227483,Alta (web oficial),2026-06-17
Chile,Mitsubishi,Mitsubishi,Callegari,CALLEGARI LA SERENA (FCO DE AGUIRRE),Ventas,"Francisco de Aguirre 60, La Serena",+5651 2223535,Alta (web oficial),2026-06-17
Chile,Mitsubishi,Mitsubishi,Callegari,CALLEGARI OVALLE,Ventas,"Covarrubia 340, Ovalle",+5653 2620394,Alta (web oficial),2026-06-17
Chile,Toyota,Toyota,Carmona,Carmona La Serena,Ventas,Avenida Balmaceda 3681,(51) 2200201,Alta (web oficial),2026-06-17
Chile,Toyota,Toyota,Cartoni,Cartoni 1 Norte,Ventas,,600 3812000,Alta (web oficial),2026-06-17
Chile,Toyota,Toyota,Cartoni,Cartoni Quillota,Ventas,Calle Ramón Freire 926,600 3812000,Alta (web oficial),2026-06-17
Chile,Great Wall,Great Wall,CASA MATRIZ,CASA MATRIZ VITACURA GWM,Ventas,Avda Vitacura 8028,,Alta (web oficial),2026-06-17
Chile,Hyundai,Hyundai,Castro,Castro - Chiloe Motores,Ventas,"Panamericana Norte 1773, Castro",(65) 263 5954,Alta (web oficial),2026-06-17
Chile,Great Wall,Great Wall,Cerda y Tagle,CERDA Y TAGLE CIA LTDA.,Ventas,AV. MARATHON NRO. 2969,229578060,Alta (web oficial),2026-06-17
Chile,Suzuki,Suzuki,Cerda y Tagle,CERDA Y TAGLE CIA LTDA.,Ventas,AV. MARATHON NRO. 2969,,Media (red Derco),2026-06-17
Chile,Hyundai,Hyundai,Cerrillos,Cerrillos - Mall Plaza Oeste - Hernandez Motores,Ventas,"Av. Americo Vespucio 1501, Cerrillos",600 422 0330,Alta (web oficial),2026-06-17
Chile,Suzuki,Suzuki,Chamy,CHAMY (ÑUÑOA),Ventas,AV. IRARRÁZAVAL NRO. 2223,,Media (red Derco),2026-06-17
Chile,Hyundai,Hyundai,Chillan,Chillan - Curifor,Ventas,"Av. Brasil 954, Chillan",(42) 222 2096,Alta (web oficial),2026-06-17
Chile,Hyundai,Hyundai,Chiloe Motores,Chiloe Motores Servicio y Repuestos,Repuestos,Panamericana Norte 1773,(65) 2630852,Alta (web oficial),2026-06-17
Chile,Toyota,Toyota,Coadig,Coadig Curicó,Ventas,,(75) 2311218,Alta (web oficial),2026-06-17
Chile,Hyundai,Hyundai,Concepcion,Concepcion - Bruno Fritsch,Ventas,"Paicavi 2222, Concepcion",(41) 240 5431,Alta (web oficial),2026-06-17
Chile,Kia,Kia,Copelec,Copelec - Chillán,Ventas,"Av. O'higgins 1014, Chillan",422204418,Alta (web oficial),2026-06-17
Chile,Kia,Kia,Copelec,Copelec - Chillán Servicio,Servicio,"Independencia 739, Chillán, Bío Bío Region, Chile",+56422204418,Alta (web oficial),2026-06-17
Chile,Hyundai,Hyundai,Copiapo,Copiapo - Depetris,Ventas,"Avda. Ramon Freire 64 - 72, Copiapo",522219000,Alta (web oficial),2026-06-17
Chile,Chevrolet,Chevrolet,Coseche,COSECHE ARAUCO MAIPU,Ventas,REGIÓN METROPOLITANA / SANTIAGO,"\-33,3541575,-70,5180284","Alta (web oficial, sin dirección postal: ciudad + lat/lng)",2026-06-17
Chile,Chevrolet,Chevrolet,Coseche,COSECHE AV LA FLORIDA,Ventas,REGIÓN METROPOLITANA / SANTIAGO,"\-33,5481688,-70,5702647","Alta (web oficial, sin dirección postal: ciudad + lat/lng)",2026-06-17
Chile,Chevrolet,Chevrolet,Coseche,COSECHE CHICUREO,Ventas,REGIÓN METROPOLITANA / SANTIAGO,"\-33,285547,-70,6798934","Alta (web oficial, sin dirección postal: ciudad + lat/lng)",2026-06-17
Chile,Chevrolet,Chevrolet,Coseche,COSECHE CHILLAN,Ventas,REGIÓN DE ÑUBLE / CHILLÁN,"\-36,5994326,-72,1101094","Alta (web oficial, sin dirección postal: ciudad + lat/lng)",2026-06-17
Chile,Chevrolet,Chevrolet,Coseche,COSECHE CONCEPCIÓN,Ventas,REGIÓN DEL BÍO-BÍO / CONCEPCIÓN,"\-36,8006624,-73,0569899","Alta (web oficial, sin dirección postal: ciudad + lat/lng)",2026-06-17
Chile,Chevrolet,Chevrolet,Coseche,COSECHE CURICÓ,Ventas,REGIÓN DEL MAULE / CURICÓ,"\-34,9829402,-71,2346426","Alta (web oficial, sin dirección postal: ciudad + lat/lng)",2026-06-17
Chile,Chevrolet,Chevrolet,Coseche,COSECHE LA DEHESA,Ventas,REGIÓN METROPOLITANA / SANTIAGO,"\-33,3873791,-70,5656111","Alta (web oficial, sin dirección postal: ciudad + lat/lng)",2026-06-17
Chile,Chevrolet,Chevrolet,Coseche,COSECHE LOS ANGELES,Ventas,REGIÓN DEL BÍO-BÍO / LOS ANGELES,"\-37,4517582,-72,3268567","Alta (web oficial, sin dirección postal: ciudad + lat/lng)",2026-06-17
Chile,Chevrolet,Chevrolet,Coseche,COSECHE PLAZA OESTE,Ventas,REGIÓN METROPOLITANA / SANTIAGO,"\-33,5167243,-70,7195259","Alta (web oficial, sin dirección postal: ciudad + lat/lng)",2026-06-17
Chile,Chevrolet,Chevrolet,Coseche,COSECHE PLAZA VESPUCIO,Ventas,REGIÓN METROPOLITANA / SANTIAGO,"\-33,517057,-70,600849","Alta (web oficial, sin dirección postal: ciudad + lat/lng)",2026-06-17
Chile,Chevrolet,Chevrolet,Coseche,COSECHE RANCAGUA,Ventas,REGIÓN LIB. GRAL. BDO. O´HIGGINS / RANCAGUA,"\-34,1660185,-70,7349274","Alta (web oficial, sin dirección postal: ciudad + lat/lng)",2026-06-17
Chile,Chevrolet,Chevrolet,Coseche,COSECHE SAN GUILLERMO,Ventas,REGIÓN DE LA ARAUCANÍA / TEMUCO,"\-38,7407885,-72,6099743","Alta (web oficial, sin dirección postal: ciudad + lat/lng)",2026-06-17
Chile,Chevrolet,Chevrolet,Coseche,COSECHE TEMUCO,Ventas,REGIÓN DE LA ARAUCANÍA / TEMUCO,"\-38,738057,-72,597996","Alta (web oficial, sin dirección postal: ciudad + lat/lng)",2026-06-17
Chile,Chevrolet,Chevrolet,Coseche,COSECHE VITACURA,Ventas,REGIÓN METROPOLITANA / SANTIAGO,"\-33,3873791,-70,5656111","Alta (web oficial, sin dirección postal: ciudad + lat/lng)",2026-06-17
Chile,Hyundai,Hyundai,Coyhaique,Coyhaique - AGS Automotriz,Ventas,"Av. Ogana 1298, Coyhaique",(67) 2 231 511,Alta (web oficial),2026-06-17
Chile,Changan,Changan,Cumsille,Cumsille - San Fernando,Ventas,Manuel Rodríguez Nro. 1265,56722717765,Alta (web oficial),2026-06-17
Chile,Mitsubishi,Mitsubishi,Cumsille,Cumsille San Fernando,Ventas,"B. O´Higgins 776, San Fernando",+5672 2717133,Alta (web oficial),2026-06-17
Chile,Hyundai,Hyundai,Curico,Curico - Curifor,Ventas,"Longitudinal Sur Km 186.5, Curico",(75) 238 4000,Alta (web oficial),2026-06-17
Chile,Ford,Ford,Curifor,Curifor - Chillán,Ventas,Brasil 954,42 224 4714,Alta (doc oficial),2026-06-17
Chile,Ford,Ford,Curifor,Curifor - Curicó,Ventas,"Longitudinal Sur km 186,5",72 238 4000,Alta (doc oficial),2026-06-17
Chile,Ford,Ford,Curifor,Curifor - Linderos,Ventas,"Longitudinal Sur 3502 km 35, Buin",2 2821 5400,Alta (doc oficial),2026-06-17
Chile,Ford,Ford,Curifor,Curifor - Rancagua,Ventas,"Longitudinal Sur 0455, Rancagua",72 222 7070,Alta (doc oficial),2026-06-17
Chile,Ford,Ford,Curifor,Curifor - Talca,Ventas,Uno Norte 2153,71 224 4444,Alta (doc oficial),2026-06-17
Chile,Hyundai,Hyundai,Curifor,Curifor Chillán Servicio y Repuestos,Repuestos,"Av. Brasil 954, chillan",(42) 2244714,Alta (web oficial),2026-06-17
Chile,Hyundai,Hyundai,Curifor,Curifor Curicó Servicio y Repuestos,Repuestos,"Longitudinal Sur Km 186.5, curico",(75) 238 4000,Alta (web oficial),2026-06-17
Chile,Hyundai,Hyundai,Curifor,Curifor La Florida Servicio y Repuestos,Repuestos,Av. Vicuña Mackenna 5951,2 2391 9057 / 2 2391 9000,Alta (web oficial),2026-06-17
Chile,Hyundai,Hyundai,Curifor,Curifor Linderos Servicio y Repuestos,Repuestos,Panamericana Sur Km. 35 #3502,2 2821 1858 / 2 2821 5400,Alta (web oficial),2026-06-17
Chile,Hyundai,Hyundai,Curifor,Curifor Rancagua Servicio y Repuestos,Repuestos,Diego de Almagro 0477,(72) 22227070,Alta (web oficial),2026-06-17
Chile,Changan,Changan,Decar,DeCar - Temuco,Ventas,Bernardo O´Higgins Nro. 302,56452974000 / 56452974050,Alta (web oficial),2026-06-17
Chile,Changan,Changan,Decar,DeCar - Villarrica,Ventas,Valentín Letelier Nro. 514,56452974095,Alta (web oficial),2026-06-17
Chile,Great Wall,Great Wall,Decar,DECAR - DYP - TEMUCO,Desabolladura/Posventa,Leon Gallo Nro. 371,+56452974093 / +56979069999,Alta (web oficial),2026-06-17
Chile,Great Wall,Great Wall,Decar,DECAR - TEMUCO CASA MATRIZ,Ventas,BERNARDO O´HIGGINS NRO. 302,+56 45 297 4000,Alta (web oficial),2026-06-17
Chile,Great Wall,Great Wall,Decar,DECAR - VILLARRICA,Ventas,VALENTÍN LETELIER NRO. 514,+56 45 297 4095,Alta (web oficial),2026-06-17
Chile,Peugeot,Peugeot,Decar,DECAR TEMUCO POSVENTA,Desabolladura/Posventa,"LEON GALLO 371, TEMUCO",+56452974094,Alta (web oficial),2026-06-17
Chile,Peugeot,Peugeot,Decar,DECAR TEMUCO VENTAS,Ventas,"Hochstetter 975, TEMUCO",+56452974070,Alta (web oficial),2026-06-17
Chile,Suzuki,Suzuki,Decar,DECAR - DYP - TEMUCO,Desabolladura/Posventa,LEON GALLO NRO. 371,,Media (red Derco),2026-06-17
Chile,Suzuki,Suzuki,Decar,DECAR - TEMUCO CASA MATRIZ,Ventas,BERNARDO O´HIGGINS NRO. 302,,Media (red Derco),2026-06-17
Chile,Suzuki,Suzuki,Decar,DECAR - VILLARRICA,Ventas,VALENTÍN LETELIER NRO. 514,,Media (red Derco),2026-06-17
Chile,Hyundai,Hyundai,Depetris,Depetris Servicio y Repuestos,Repuestos,Ramon Freire 121-123,(52) 2211779 - 2212917,Alta (web oficial),2026-06-17
Chile,Changan,Changan,Derco Center,Derco Center - Anfruns Motors Parque Arauco,Ventas,Av. Pdte. Kennedy 5601,56225503412 / 50226105733,Alta (web oficial),2026-06-17
Chile,Changan,Changan,Derco Center,Derco Center - Automotriz Berrios Spa Gladys Marin,Ventas,Gladys Marín Millie Nro. 6716,56232100947 / 56227402614,Alta (web oficial),2026-06-17
Chile,Changan,Changan,Derco Center,Derco Center - Automotriz Berrios Spa La Florida,Ventas,Avenida La Florida Nro. 9295,56227402666,Alta (web oficial),2026-06-17
Chile,Changan,Changan,Derco Center,Derco Center - Salazar Israel Cerrillos,Ventas,Av. Pedro Aguirre Cerda 6697,56223271108 / 56232105813,Alta (web oficial),2026-06-17
Chile,Changan,Changan,Derco Center,Derco Center - Salazar Israel Plaza Oeste,Ventas,Av. Américo Vespucio Nro. 1500,600 085 0020 / 56232105813 / 56961728653,Alta (web oficial),2026-06-17
Chile,Changan,Changan,Derco Center,Derco Center - Yusic Mall Plaza Alameda,Ventas,Av. Alameda Libertador Bernardo O'higgins 3470,56232100947 / 56227402614,Alta (web oficial),2026-06-17
Chile,Changan,Changan,Derco Center,Derco Center Salazar Israel La Dehesa,Ventas,Av. José Alcalde Délano 11021,600 818 6000 / 56 9 66561577,Alta (web oficial),2026-06-17
Chile,Changan,Changan,Derco Center,Dercocenter Anfruns- Rancagua,Ventas,Av. Gral Manuel Baquedano Nro. 12,562224051600,Alta (web oficial),2026-06-17
Chile,Changan,Changan,Derco Center,Dercocenter Carrera,Ventas,José Miguel Carrera Nro. 56,56223461034 / 56232105813,Alta (web oficial),2026-06-17
Chile,Changan,Changan,Derco Center,Dercocenter Departamental,Ventas,Departamental Nro. 1499,56232105813,Alta (web oficial),2026-06-17
Chile,Changan,Changan,Derco Center,Dercocenter Errazuriz - Buin - Paine,Ventas,"Camino Longitudinal Sur Nro. 3290, Ruta 5 Sur, Km 37, Cruce Linderos",56973397795,Alta (web oficial),2026-06-17
Chile,Changan,Changan,Derco Center,Dercocenter Vitacura Casa Matriz Changan,Ventas,Av. Padre Hurtado Nro. 1392,6006000080 / 56232105813,Alta (web oficial),2026-06-17
Chile,Changan,Changan,Derco Center,Dercocenter Yusic MT,Ventas,Camilo Henríquez Nro. 3296,56225601586 / 56232105813,Alta (web oficial),2026-06-17
Chile,6,6,Salazar Israel,,,,,,
Chile,3,3,Rosselot,,,,,,
Chile,4,4,Salfa,,,,,,
Chile,3,3,Sergio Escobar,,,,,,
Chile,3,3,Dercocenter,,,,,,
Chile,5,5,Portillo,,,,,,
Chile,3,3,Pompeyo Carrasco,,,,,,
Chile,4,4,Aspillaga Hornauer,,,,,,
Chile,4,4,Bruno Fritsch,,,,,,
Chile,3,3,Derco Center,,,,,,
Chile,4,4,Summit Motors,,,,,,
Chile,4,4,Yusic,,,,,,
Chile,4,4,Berríos,,,,,,
Chile,3,3,Suzuval,,,,,,
Chile,4,4,Difor,,,,,,
Chile,2,2,Kovacs,,,,,,
Chile,1,1,Indumotora One,,,,,,
Chile,3,3,Callegari,,,,,,
Chile,3,3,Hernández Motores,,,,,,
Chile,1,1,Coseche,,,,,,
Chile,3,3,Automotora Bilbao,,,,,,
Chile,2,2,Guillermo Morales,,,,,,
Chile,1,1,Gildemeister Retail,,,,,,
Chile,2,2,Valenzuela Delarze,,,,,,
Chile,1,1,Astara Retail,,,,,,
Chile,4,4,Decar,,,,,,
Chile,2,2,Curifor,,,,,,
Chile,1,1,Automotora Berríos,,,,,,
Chile,1,1,Automotora Alameda,,,,,,
Chile,1,1,Gildemeister Servicio y Repuestos,,,,,,
Chile,3,3,Recasur,,,,,,
Chile,1,1,Inalco,,,,,,
Chile,3,3,SJM,,,,,,
Chile,2,2,Fronza,,,,,,
Chile,3,3,RyR Pinto,,,,,,
Chile,3,3,Valentini,,,,,,
Chile,2,2,Dumay,,,,,,
Chile,2,2,Forcenter,,,,,,
Chile,3,3,Anfruns Motors,,,,,,
Chile,3,3,Automotora Arauco,,,,,,
Chile,3,3,Portillo Sur,,,,,,
Chile,2,2,Carmona,,,,,,
Chile,1,1,Alameda,,,,,,
Chile,1,1,Grass y Arueste,,,,,,
Chile,1,1,Miranda,,,,,,
Chile,3,3,Varona,,,,,,
Chile,2,2,AUTUM,,,,,,
Chile,2,2,Aventura Motors,,,,,,
Chile,2,2,Cartoni,,,,,,
Chile,2,2,JESÚS PONS,,,,,,
Chile,2,2,NUEVOS,,,,,,
Chile,2,2,Vega Artus,,,,,,
Chile,1,1,Indra,,,,,,
Chile,1,1,Maritano y Ebensperger,,,,,,
Chile,1,1,Piamonte,,,,,,
Chile,1,1,Valenzuela,,,,,,
Chile,2,2,NUEVOS S.A. MALL PASEO,,,,,,
Chile,2,2,Pedro Cumsille,,,,,,
Chile,1,1,Autocenter,,,,,,
Chile,1,1,Automotora Melhuish,,,,,,
Chile,1,1,Balmaceda,,,,,,
Chile,1,1,Ditalcar,,,,,,
Chile,1,1,Gildemeister Autos,,,,,,
Chile,1,1,Gildemeister Retail Servicio y Repuestos,,,,,,
Chile,1,1,Inalmotors,,,,,,
Chile,1,1,Sociedad Real,,,,,,
Chile,2,2,AUTOCENTRO NICOLÁS,,,,,,
Chile,2,2,AUTOMÓVILES RENAULT BILBAO,,,,,,
Chile,2,2,Ansa,,,,,,
Chile,2,2,Autocentro Nicolás,,,,,,
Chile,2,2,Cerda y Tagle,,,,,,
Chile,2,2,Cumsille,,,,,,
Chile,2,2,Hernan Toirkens,,,,,,
Chile,2,2,Lira Larrain,,,,,,
Chile,2,2,NUEVOS PLAZA SUR,,,,,,
Chile,2,2,Saint Germain,,,,,,
Chile,2,2,Valderrama,,,,,,
Chile,1,1,Arica,,,,,,
Chile,1,1,Autum,,,,,,
Chile,1,1,Berrios Valdivia,,,,,,
Chile,1,1,Copelec,,,,,,
Chile,1,1,Gaut,,,,,,
Chile,1,1,Gracia,,,,,,
Chile,1,1,Huechuraba,,,,,,
Chile,1,1,Italmotors,,,,,,
Chile,1,1,Jesús Pons,,,,,,
Chile,1,1,Maritano Lider,,,,,,
Chile,1,1,Musalem,,,,,,
Chile,1,1,Noack,,,,,,
Chile,1,1,PEUGEOT MALL,,,,,,
Chile,1,1,Providencia,,,,,,
Chile,1,1,Tecnosur,,,,,,
Chile,1,1,Viña del Mar,,,,,,
Chile,1,1,Antivero,,,,,,
Chile,1,1,Arauco Ignacio,,,,,,
Chile,1,1,Autokas,,,,,,
Chile,1,1,Berrios Castro,,,,,,
Chile,1,1,Berrios Mall,,,,,,
Chile,1,1,Berrios Puerto,,,,,,
Chile,1,1,Buin,,,,,,
Chile,1,1,CASA MATRIZ,,,,,,
Chile,1,1,Castro,,,,,,
Chile,1,1,Cerrillos,,,,,,
Chile,1,1,Chamy,,,,,,
Chile,1,1,Chillan,,,,,,
Chile,1,1,Chiloe Motores,,,,,,
Chile,1,1,Coadig,,,,,,
Chile,1,1,Concepcion,,,,,,
Chile,1,1,Copiapo,,,,,,
Chile,1,1,Coyhaique,,,,,,
Chile,1,1,Curico,,,,,,
Chile,1,1,Depetris,,,,,,
Chile,1,1,Divemotor,,,,,,
Chile,1,1,Emprenani,,,,,,
Chile,1,1,GWM LAS,,,,,,
Chile,1,1,HCS Ruta,,,,,,
Chile,1,1,Iquique,,,,,,
Chile,1,1,Jordan,,,,,,
Chile,1,1,Körner Concepción,,,,,,
Chile,1,1,La Calera,,,,,,
Chile,1,1,La Cisterna,,,,,,
Chile,1,1,Maipu,,,,,,
Chile,1,1,Mall Plaza Alameda,,,,,,
Chile,1,1,Mall Plaza Egaña,,,,,,
Chile,1,1,Marval,,,,,,
Chile,1,1,NUEVOS MALL LOS DOMÍNICOS,,,,,,
Chile,1,1,Nuevos Plaza Sur,,,,,,
Chile,1,1,Osorno,,,,,,
Chile,1,1,Ovalle,,,,,,
Chile,1,1,Panamericana,,,,,,
Chile,1,1,Punta Arenas,,,,,,
Chile,1,1,Quilpue,,,,,,
Chile,1,1,Rancagua,,,,,,
Chile,1,1,Ruiz y Ruiz,,,,,,
Chile,1,1,SG Autos,,,,,,
Chile,1,1,San Antonio,,,,,,
Chile,1,1,San Bernardo,,,,,,
Chile,1,1,San Fernando,,,,,,
Chile,1,1,Sermaco,,,,,,
Chile,1,1,Servicio Técnico,,,,,,
Chile,1,1,Servimaq,,,,,,
Chile,1,1,Traeger,,,,,,
Chile,1,1,Transworld Supply,,,,,,
Chile,1,1,Valparaiso,,,,,,
Chile,1,1,Vizcaya,,,,,,
